Timestamp,Time,Voltage Channel 0,Voltage Channel 1,Adjusted Voltage Channel 0,Adjusted Voltage Channel 1
2024-10-18 20:15:56.736144,"0,1952371597290039",2761,3555,0,0
2024-10-18 20:15:56.932627,"0,40174031257629395",2761,3555,0,0
2024-10-18 20:15:57.135733,"0,6048462390899658",2761,3555,0,0
2024-10-18 20:15:57.344446,"0,803570032119751",2761,3555,0,0
2024-10-18 20:15:57.544136,"1,0036895275115967",2761,3555,0,0
2024-10-18 20:15:57.742221,"1,2113347053527832",2761,3555,0,0
2024-10-18 20:15:57.945390,"1,414503574371338",2761,3554,0,1
2024-10-18 20:15:58.148532,"1,617645263671875",2761,3554,0,1
2024-10-18 20:15:58.351745,"1,8208580017089844",2761,3555,0,0
2024-10-18 20:15:58.554874,"2,023987054824829",2761,3555,0,0
2024-10-18 20:15:58.761439,"2,2305521965026855",2761,3555,0,0
2024-10-18 20:15:58.961720,"2,4308338165283203",2761,3555,0,0
2024-10-18 20:15:59.166134,"2,6352474689483643",2761,3555,0,0
2024-10-18 20:15:59.369250,"2,8383629322052",2761,3555,0,0
2024-10-18 20:15:59.579415,"3,048527956008911",2761,3555,0,0
2024-10-18 20:15:59.782894,"3,252007007598877",2761,3555,0,0
2024-10-18 20:15:59.986766,"3,455878973007202",2761,3555,0,0
2024-10-18 20:16:00.189631,"3,6587440967559814",2761,3555,0,0
2024-10-18 20:16:00.393259,"3,8623721599578857",2761,3555,0,0
2024-10-18 20:16:00.596527,"4,065640211105347",2761,3555,0,0
2024-10-18 20:16:00.806317,"4,275430679321289",2761,3555,0,0
2024-10-18 20:16:01.009556,"4,478669166564941",2761,3554,0,1
2024-10-18 20:16:01.216204,"4,685317754745483",2761,3554,0,1
2024-10-18 20:16:01.419317,"4,88843035697937",2761,3555,0,0
2024-10-18 20:16:01.622455,"5,0915687084198",2761,3555,0,0
2024-10-18 20:16:01.825565,"5,2946789264678955",2761,3555,0,0
2024-10-18 20:16:02.040873,"5,509986162185669",2761,3555,0,0
2024-10-18 20:16:02.250746,"5,7198591232299805",2761,3555,0,0
2024-10-18 20:16:02.453628,"5,922741651535034",2761,3554,0,1
2024-10-18 20:16:02.659888,"6,129001617431641",2761,3554,0,1
2024-10-18 20:16:02.869245,"6,338358163833618",2761,3554,0,1
2024-10-18 20:16:03.072331,"6,541443824768066",2761,3554,0,1
2024-10-18 20:16:03.285347,"6,754460096359253",2761,3554,0,1
2024-10-18 20:16:03.488488,"6,957601547241211",2761,3554,0,1
2024-10-18 20:16:03.691958,"7,161071538925171",2761,3554,0,1
2024-10-18 20:16:03.895074,"7,364187240600586",2761,3554,0,1
2024-10-18 20:16:04.100301,"7,5694146156311035",2761,3554,0,1
2024-10-18 20:16:04.303426,"7,772538900375366",2761,3554,0,1
2024-10-18 20:16:04.507101,"7,976214647293091",2760,3554,1,1
2024-10-18 20:16:04.710081,"8,179194688796997",2760,3554,1,1
2024-10-18 20:16:04.916398,"8,385511636734009",2760,3555,1,0
2024-10-18 20:16:05.120191,"8,589303731918335",2760,3555,1,0
2024-10-18 20:16:05.323304,"8,792417287826538",2760,3555,1,0
2024-10-18 20:16:05.530073,"8,999186754226685",2761,3555,0,0
2024-10-18 20:16:05.722328,"9,191441535949707",2761,3555,0,0
2024-10-18 20:16:05.925459,"9,394572019577026",2760,3555,1,0
2024-10-18 20:16:06.129339,"9,59845232963562",2760,3555,1,0
2024-10-18 20:16:06.332469,"9,801581859588623",2760,3555,1,0
2024-10-18 20:16:06.536171,"10,005283832550049",2761,3555,0,0
2024-10-18 20:16:06.740092,"10,209205389022827",2761,3555,0,0
2024-10-18 20:16:06.943157,"10,412270069122314",2760,3554,1,1
2024-10-18 20:16:07.146519,"10,615631818771362",2760,3554,1,1
2024-10-18 20:16:07.349442,"10,818555355072021",2761,3555,0,0
2024-10-18 20:16:07.552702,"11,021815061569214",2761,3555,0,0
2024-10-18 20:16:07.755892,"11,225005149841309",2761,3555,0,0
2024-10-18 20:16:07.960252,"11,429364681243896",2761,3555,0,0
2024-10-18 20:16:08.164079,"11,63319206237793",2761,3555,0,0
2024-10-18 20:16:08.367177,"11,836290121078491",2761,3555,0,0
2024-10-18 20:16:08.570114,"12,039227485656738",2761,3555,0,0
2024-10-18 20:16:08.773280,"12,242392778396606",2761,3555,0,0
2024-10-18 20:16:08.976582,"12,445695161819458",2760,3554,1,1
2024-10-18 20:16:09.179561,"12,648674964904785",2760,3554,1,1
2024-10-18 20:16:09.382848,"12,851961374282837",2761,3555,0,0
2024-10-18 20:16:09.585930,"13,055043697357178",2761,3555,0,0
2024-10-18 20:16:09.789095,"13,25820779800415",2761,3555,0,0
2024-10-18 20:16:09.992200,"13,461313247680664",2760,3554,1,1
2024-10-18 20:16:10.196057,"13,665170192718506",2760,3554,1,1
2024-10-18 20:16:10.405816,"13,874928951263428",2760,3555,1,0
2024-10-18 20:16:10.608913,"14,078025817871094",2760,3555,1,0
2024-10-18 20:16:10.799108,"14,268221139907837",2760,3555,1,0
2024-10-18 20:16:11.002910,"14,472023248672485",2761,3555,0,0
2024-10-18 20:16:11.206389,"14,675502300262451",2761,3555,0,0
2024-10-18 20:16:11.409382,"14,878495693206787",2761,3555,0,0
2024-10-18 20:16:11.613137,"15,082250356674194",2761,3555,0,0
2024-10-18 20:16:11.816311,"15,28542423248291",2761,3555,0,0
2024-10-18 20:16:12.016900,"15,486013650894165",2761,3555,0,0
2024-10-18 20:16:12.222531,"15,691644430160522",2761,3555,0,0
2024-10-18 20:16:12.425957,"15,895070314407349",2761,3555,0,0
2024-10-18 20:16:12.629073,"16,098186016082764",2761,3555,0,0
2024-10-18 20:16:12.832819,"16,301932334899902",2761,3555,0,0
2024-10-18 20:16:13.038817,"16,507930517196655",2761,3555,0,0
2024-10-18 20:16:13.248591,"16,71770429611206",2761,3555,0,0
2024-10-18 20:16:13.451533,"16,92064619064331",2761,3554,0,1
2024-10-18 20:16:13.654759,"17,12387228012085",2761,3554,0,1
2024-10-18 20:16:13.863393,"17,33250665664673",2760,3554,1,1
2024-10-18 20:16:14.066408,"17,535521268844604",2760,3554,1,1
2024-10-18 20:16:14.273248,"17,742361545562744",2760,3554,1,1
2024-10-18 20:16:14.476376,"17,945489645004272",2761,3555,0,0
2024-10-18 20:16:14.679491,"18,148604154586792",2761,3555,0,0
2024-10-18 20:16:14.882841,"18,351954460144043",2761,3555,0,0
2024-10-18 20:16:15.086075,"18,555187940597534",2761,3555,0,0
2024-10-18 20:16:15.289103,"18,758216381072998",2761,3555,0,0
2024-10-18 20:16:15.492230,"18,96134305000305",2760,3554,1,1
2024-10-18 20:16:15.695678,"19,164791345596313",2760,3554,1,1
2024-10-18 20:16:15.898935,"19,368047952651978",2761,3554,0,1
2024-10-18 20:16:16.103100,"19,572213172912598",2761,3554,0,1
2024-10-18 20:16:16.308745,"19,777858018875122",2761,3554,0,1
2024-10-18 20:16:16.511898,"19,981010913848877",2761,3555,0,0
2024-10-18 20:16:16.721965,"20,191078662872314",2761,3555,0,0
2024-10-18 20:16:16.925076,"20,39418935775757",2761,3555,0,0
2024-10-18 20:16:17.128193,"20,597306489944458",2761,3555,0,0
2024-10-18 20:16:17.331314,"20,800427675247192",2761,3555,0,0
2024-10-18 20:16:17.535186,"21,0042986869812",2761,3555,0,0
2024-10-18 20:16:17.741008,"21,210120677947998",2761,3555,0,0
2024-10-18 20:16:17.950859,"21,41997218132019",2761,3554,0,1
2024-10-18 20:16:18.154016,"21,62312889099121",2761,3554,0,1
2024-10-18 20:16:18.368023,"21,837136268615723",2761,3554,0,1
2024-10-18 20:16:18.571153,"22,040266513824463",2761,3554,0,1
2024-10-18 20:16:18.774286,"22,243399143218994",2761,3554,0,1
2024-10-18 20:16:18.977397,"22,446510553359985",2761,3554,0,1
2024-10-18 20:16:19.181936,"22,651049375534058",2761,3554,0,1
2024-10-18 20:16:19.384922,"22,854034900665283",2761,3554,0,1
2024-10-18 20:16:19.588704,"23,057816982269287",2761,3554,0,1
2024-10-18 20:16:19.791836,"23,26094937324524",2761,3554,0,1
2024-10-18 20:16:19.994950,"23,46406388282776",2761,3554,0,1
2024-10-18 20:16:20.197869,"23,6669819355011",2761,3554,0,1
2024-10-18 20:16:20.402598,"23,871710777282715",2761,3554,0,1
2024-10-18 20:16:20.608357,"24,077470064163208",2761,3554,0,1
2024-10-18 20:16:20.822490,"24,291603088378906",2761,3554,0,1
2024-10-18 20:16:21.027115,"24,496228456497192",2761,3554,0,1
2024-10-18 20:16:21.236950,"24,70606303215027",2761,3554,0,1
2024-10-18 20:16:21.446116,"24,915229320526123",2761,3554,0,1
2024-10-18 20:16:21.649191,"25,11830425262451",2761,3554,0,1
2024-10-18 20:16:21.859340,"25,328452825546265",2761,3554,0,1
2024-10-18 20:16:22.062237,"25,53135061264038",2761,3554,0,1
2024-10-18 20:16:22.272442,"25,7415554523468",2761,3554,0,1
2024-10-18 20:16:22.475348,"25,944461345672607",2760,3554,1,1
2024-10-18 20:16:22.679099,"26,148212432861328",2760,3554,1,1
2024-10-18 20:16:22.882233,"26,351346254348755",2761,3554,0,1
2024-10-18 20:16:23.085501,"26,554614543914795",2761,3554,0,1
2024-10-18 20:16:23.288614,"26,75772762298584",2761,3554,0,1
2024-10-18 20:16:23.488577,"26,957690000534058",2761,3554,0,1
2024-10-18 20:16:23.692001,"27,16111397743225",2761,3554,0,1
2024-10-18 20:16:23.900043,"27,36915636062622",2761,3554,0,1
2024-10-18 20:16:24.103166,"27,572279453277588",2761,3554,0,1
2024-10-18 20:16:24.304315,"27,773428440093994",2761,3554,0,1
2024-10-18 20:16:24.504293,"27,973406076431274",2761,3554,0,1
2024-10-18 20:16:24.707600,"28,176713466644287",2761,3554,0,1
2024-10-18 20:16:24.910857,"28,37997055053711",2761,3554,0,1
2024-10-18 20:16:25.118076,"28,587188959121704",2761,3554,0,1
2024-10-18 20:16:25.321211,"28,790324687957764",2761,3554,0,1
2024-10-18 20:16:25.527921,"28,997034311294556",2761,3554,0,1
2024-10-18 20:16:25.728618,"29,197731733322144",2761,3554,0,1
2024-10-18 20:16:25.931975,"29,401087999343872",2761,3554,0,1
2024-10-18 20:16:26.135163,"29,604276418685913",2761,3554,0,1
2024-10-18 20:16:26.338313,"29,807426691055298",2761,3554,0,1
2024-10-18 20:16:26.548247,"30,01736068725586",2761,3554,0,1
2024-10-18 20:16:26.753601,"30,22271466255188",2761,3554,0,1
2024-10-18 20:16:26.956590,"30,425703048706055",2761,3554,0,1
2024-10-18 20:16:27.159841,"30,628954648971558",2761,3554,0,1
2024-10-18 20:16:27.368784,"30,837897062301636",2761,3554,0,1
2024-10-18 20:16:27.575123,"31,044236421585083",2761,3554,0,1
2024-10-18 20:16:27.769315,"31,238428831100464",2761,3554,0,1
2024-10-18 20:16:27.972829,"31,4419424533844",2760,3554,1,1
2024-10-18 20:16:28.176214,"31,64532732963562",2760,3554,1,1
2024-10-18 20:16:28.382760,"31,85187292098999",2761,3554,0,1
2024-10-18 20:16:28.585916,"32,05502891540527",2761,3554,0,1
2024-10-18 20:16:28.789015,"32,25812840461731",2761,3554,0,1
2024-10-18 20:16:28.992642,"32,46175527572632",2760,3554,1,1
2024-10-18 20:16:29.195626,"32,66473889350891",2760,3554,1,1
2024-10-18 20:16:29.398874,"32,867987394332886",2760,3554,1,1
2024-10-18 20:16:29.606172,"33,07528471946716",2760,3554,1,1
2024-10-18 20:16:29.809644,"33,278757095336914",2760,3554,1,1
2024-10-18 20:16:30.018639,"33,48775243759155",2760,3554,1,1
2024-10-18 20:16:30.221786,"33,69089961051941",2760,3554,1,1
2024-10-18 20:16:30.425207,"33,894320011138916",2760,3554,1,1
2024-10-18 20:16:30.629415,"34,09852862358093",2760,3554,1,1
2024-10-18 20:16:30.839148,"34,30826163291931",2760,3554,1,1
2024-10-18 20:16:31.042267,"34,511380195617676",2760,3554,1,1
2024-10-18 20:16:31.245824,"34,71493697166443",2760,3554,1,1
2024-10-18 20:16:31.448721,"34,91783404350281",2760,3554,1,1
2024-10-18 20:16:31.659923,"35,12903690338135",2760,3554,1,1
2024-10-18 20:16:31.863100,"35,332212924957275",2760,3554,1,1
2024-10-18 20:16:32.066230,"35,535343170166016",2760,3554,1,1
2024-10-18 20:16:32.276535,"35,74564790725708",2760,3554,1,1
2024-10-18 20:16:32.479658,"35,94877099990845",2760,3554,1,1
2024-10-18 20:16:32.682835,"36,15194821357727",2760,3554,1,1
2024-10-18 20:16:32.893282,"36,36239528656006",2760,3554,1,1
2024-10-18 20:16:33.096422,"36,56553530693054",2760,3554,1,1
2024-10-18 20:16:33.305285,"36,7743980884552",2760,3554,1,1
2024-10-18 20:16:33.508257,"36,97736978530884",2760,3554,1,1
2024-10-18 20:16:33.711418,"37,18053102493286",2760,3554,1,1
2024-10-18 20:16:33.916399,"37,385512828826904",2760,3554,1,1
2024-10-18 20:16:34.119496,"37,58860969543457",2760,3554,1,1
2024-10-18 20:16:34.328790,"37,79790377616882",2760,3554,1,1
2024-10-18 20:16:34.532695,"38,001808643341064",2760,3554,1,1
2024-10-18 20:16:34.735824,"38,20493769645691",2760,3554,1,1
2024-10-18 20:16:34.942540,"38,41165280342102",2760,3549,1,6
2024-10-18 20:16:35.146298,"38,61541128158569",2760,3549,1,6
2024-10-18 20:16:35.349700,"38,81881356239319",2760,3516,1,39
2024-10-18 20:16:35.552719,"39,02183246612549",2760,3516,1,39
2024-10-18 20:16:35.755902,"39,22501516342163",2760,3516,1,39
2024-10-18 20:16:35.959057,"39,42817044258118",2760,3512,1,43
2024-10-18 20:16:36.162178,"39,63129138946533",2760,3512,1,43
2024-10-18 20:16:36.365322,"39,83443570137024",2760,3514,1,41
2024-10-18 20:16:36.568301,"40,03741383552551",2760,3514,1,41
2024-10-18 20:16:36.778971,"40,24808406829834",2760,3514,1,41
2024-10-18 20:16:36.982107,"40,45122003555298",2760,3370,1,185
2024-10-18 20:16:37.185227,"40,654340505599976",2760,3370,1,185
2024-10-18 20:16:37.388138,"40,857250928878784",2760,3270,1,285
2024-10-18 20:16:37.591396,"41,06050896644592",2760,3270,1,285
2024-10-18 20:16:37.798527,"41,267640352249146",2760,3270,1,285
2024-10-18 20:16:38.001741,"41,47085475921631",2760,3313,1,242
2024-10-18 20:16:38.204979,"41,674092292785645",2760,3313,1,242
2024-10-18 20:16:38.408904,"41,87801694869995",2760,3544,1,11
2024-10-18 20:16:38.615220,"42,084333181381226",2760,3544,1,11
2024-10-18 20:16:38.818308,"42,287421464920044",2760,3554,1,1
2024-10-18 20:16:39.025642,"42,494754791259766",2760,3554,1,1
2024-10-18 20:16:39.229077,"42,698190212249756",2760,3554,1,1
2024-10-18 20:16:39.434881,"42,90399408340454",2761,3554,0,1
2024-10-18 20:16:39.644205,"43,11331820487976",2761,3554,0,1
2024-10-18 20:16:39.847373,"43,31648588180542",2760,3554,1,1
2024-10-18 20:16:40.051974,"43,52108669281006",2760,3554,1,1
2024-10-18 20:16:40.255063,"43,72417664527893",2760,3554,1,1
2024-10-18 20:16:40.458290,"43,92740297317505",2760,3554,1,1
2024-10-18 20:16:40.661404,"44,13051676750183",2760,3554,1,1
2024-10-18 20:16:40.864563,"44,33367586135864",2760,3554,1,1
2024-10-18 20:16:41.069215,"44,538328886032104",2760,3554,1,1
2024-10-18 20:16:41.273142,"44,742254972457886",2760,3554,1,1
2024-10-18 20:16:41.478035,"44,947147846221924",2758,3554,3,1
2024-10-18 20:16:41.678050,"45,14716362953186",2758,3554,3,1
2024-10-18 20:16:41.881493,"45,350605964660645",2754,3554,7,1
2024-10-18 20:16:42.084590,"45,55370306968689",2754,3554,7,1
2024-10-18 20:16:42.292177,"45,761290550231934",2754,3554,7,1
2024-10-18 20:16:42.495106,"45,96421957015991",2746,3554,15,1
2024-10-18 20:16:42.705193,"46,17430663108826",2746,3554,15,1
2024-10-18 20:16:42.916399,"46,385512828826904",2742,3554,19,1
2024-10-18 20:16:43.119885,"46,588998794555664",2742,3554,19,1
2024-10-18 20:16:43.331003,"46,800116777420044",2741,3554,20,1
2024-10-18 20:16:43.535192,"47,00430488586426",2741,3554,20,1
2024-10-18 20:16:43.738632,"47,20774531364441",2741,3554,20,1
2024-10-18 20:16:43.942660,"47,411773443222046",2742,3553,19,2
2024-10-18 20:16:44.145784,"47,61489748954773",2742,3553,19,2
2024-10-18 20:16:44.352517,"47,821630001068115",2742,3553,19,2
2024-10-18 20:16:44.566411,"48,03552436828613",2742,3553,19,2
2024-10-18 20:16:44.769408,"48,238521099090576",2742,3553,19,2
2024-10-18 20:16:44.976193,"48,445305824279785",2742,3553,19,2
2024-10-18 20:16:45.179332,"48,64844512939453",2742,3553,19,2
2024-10-18 20:16:45.384361,"48,853474140167236",2741,3553,20,2
2024-10-18 20:16:45.587498,"49,05661129951477",2741,3553,20,2
2024-10-18 20:16:45.797942,"49,26705574989319",2741,3553,20,2
2024-10-18 20:16:46.001050,"49,47016382217407",2741,3553,20,2
2024-10-18 20:16:46.204181,"49,67329430580139",2741,3553,20,2
2024-10-18 20:16:46.407339,"49,876452684402466",2740,3553,21,2
2024-10-18 20:16:46.610395,"50,079508781433105",2740,3553,21,2
2024-10-18 20:16:46.813372,"50,28248572349548",2740,3553,21,2
2024-10-18 20:16:47.016626,"50,48573875427246",2740,3553,21,2
2024-10-18 20:16:47.221081,"50,69019389152527",2740,3553,21,2
2024-10-18 20:16:47.424207,"50,893320083618164",2740,3553,21,2
2024-10-18 20:16:47.627356,"51,09646940231323",2740,3553,21,2
2024-10-18 20:16:47.830451,"51,299564599990845",2740,3553,21,2
2024-10-18 20:16:48.034407,"51,50352072715759",2740,3553,21,2
2024-10-18 20:16:48.240359,"51,70947194099426",2740,3553,21,2
2024-10-18 20:16:48.443495,"51,91260766983032",2741,3553,20,2
2024-10-18 20:16:48.646601,"52,11571455001831",2741,3553,20,2
2024-10-18 20:16:48.849744,"52,318857192993164",2741,3553,20,2
2024-10-18 20:16:49.052623,"52,52173590660095",2741,3553,20,2
2024-10-18 20:16:49.255930,"52,72504377365112",2741,3553,20,2
2024-10-18 20:16:49.458963,"52,92807650566101",2741,3553,20,2
2024-10-18 20:16:49.662227,"53,13134050369263",2741,3553,20,2
2024-10-18 20:16:49.865320,"53,33443331718445",2741,3553,20,2
2024-10-18 20:16:50.072082,"53,54119515419006",2741,3553,20,2
2024-10-18 20:16:50.275115,"53,74422836303711",2741,3553,20,2
2024-10-18 20:16:50.478235,"53,94734835624695",2741,3553,20,2
2024-10-18 20:16:50.688078,"54,15719151496887",2741,3553,20,2
2024-10-18 20:16:50.900359,"54,36947250366211",2741,3553,20,2
2024-10-18 20:16:51.103471,"54,57258462905884",2741,3553,20,2
2024-10-18 20:16:51.306368,"54,77548146247864",2741,3553,20,2
2024-10-18 20:16:51.509657,"54,97877073287964",2741,3553,20,2
2024-10-18 20:16:51.713464,"55,18257689476013",2741,3553,20,2
2024-10-18 20:16:51.916594,"55,38570761680603",2741,3552,20,3
2024-10-18 20:16:52.119709,"55,58882260322571",2741,3552,20,3
2024-10-18 20:16:52.322833,"55,79194688796997",2741,3552,20,3
2024-10-18 20:16:52.525953,"55,99506664276123",2741,3552,20,3
2024-10-18 20:16:52.731460,"56,200573205947876",2741,3552,20,3
2024-10-18 20:16:52.931962,"56,40107488632202",2741,3552,20,3
2024-10-18 20:16:53.135539,"56,60465216636658",2741,3552,20,3
2024-10-18 20:16:53.335579,"56,80469274520874",2741,3552,20,3
2024-10-18 20:16:53.538880,"57,00799369812012",2741,3552,20,3
2024-10-18 20:16:53.745618,"57,21473145484924",2741,3552,20,3
2024-10-18 20:16:53.947997,"57,417110204696655",2741,3552,20,3
2024-10-18 20:16:54.151734,"57,62084770202637",2741,3552,20,3
2024-10-18 20:16:54.355595,"57,824707984924316",2741,3552,20,3
2024-10-18 20:16:54.558712,"58,027825117111206",2741,3552,20,3
2024-10-18 20:16:54.768072,"58,23718523979187",2741,3552,20,3
2024-10-18 20:16:54.978421,"58,447534799575806",2741,3552,20,3
2024-10-18 20:16:55.181536,"58,650649309158325",2741,3552,20,3
2024-10-18 20:16:55.383563,"58,852675914764404",2741,3552,20,3
2024-10-18 20:16:55.586715,"59,05582857131958",2741,3552,20,3
2024-10-18 20:16:55.793603,"59,26271653175354",2741,3552,20,3
2024-10-18 20:16:55.993806,"59,46291971206665",2741,3552,20,3
2024-10-18 20:16:56.197207,"59,66632056236267",2741,3552,20,3
2024-10-18 20:16:56.400333,"59,869446754455566",2740,3552,21,3
2024-10-18 20:16:56.604054,"60,073166847229004",2740,3552,21,3
2024-10-18 20:16:56.807168,"60,276280879974365",2740,3552,21,3
2024-10-18 20:16:57.009560,"60,478673458099365",2740,3552,21,3
2024-10-18 20:16:57.212692,"60,68180537223816",2740,3552,21,3
2024-10-18 20:16:57.419806,"60,888919830322266",2740,3552,21,3
2024-10-18 20:16:57.622938,"61,09205102920532",2740,3552,21,3
2024-10-18 20:16:57.826072,"61,29518508911133",2740,3552,21,3
2024-10-18 20:16:58.028977,"61,498090744018555",2740,3552,21,3
2024-10-18 20:16:58.232300,"61,70141363143921",2740,3552,21,3
2024-10-18 20:16:58.435432,"61,904545307159424",2740,3552,21,3
2024-10-18 20:16:58.644283,"62,11339592933655",2740,3552,21,3
2024-10-18 20:16:58.860255,"62,329368352890015",2740,3552,21,3
2024-10-18 20:16:59.054319,"62,52343201637268",2740,3552,21,3
2024-10-18 20:16:59.264345,"62,733458280563354",2740,3552,21,3
2024-10-18 20:16:59.467703,"62,93681621551514",2740,3552,21,3
2024-10-18 20:16:59.671657,"63,14077067375183",2740,3552,21,3
2024-10-18 20:16:59.884403,"63,35351586341858",2740,3552,21,3
2024-10-18 20:17:00.080921,"63,550034046173096",2740,3552,21,3
2024-10-18 20:17:00.283939,"63,753052711486816",2740,3552,21,3
2024-10-18 20:17:00.487534,"63,95664715766907",2741,3552,20,3
2024-10-18 20:17:00.690661,"64,1597740650177",2741,3552,20,3
2024-10-18 20:17:00.893677,"64,36279010772705",2741,3552,20,3
2024-10-18 20:17:01.096805,"64,56591796875",2741,3552,20,3
2024-10-18 20:17:01.299949,"64,76906228065491",2741,3552,21,3
2024-10-18 20:17:01.503052,"64,97216534614563",2740,3552,21,3
2024-10-18 20:17:01.706202,"65,17531538009644",2740,3552,21,3
2024-10-18 20:17:01.909295,"65,37840819358826",2740,3552,21,3
2024-10-18 20:17:02.112443,"65,58155655860901",2740,3552,21,3
2024-10-18 20:17:02.315558,"65,78467130661011",2740,3552,21,3
2024-10-18 20:17:02.518616,"65,98772883415222",2740,3552,21,3
2024-10-18 20:17:02.721812,"66,19092583656311",2740,3552,21,3
2024-10-18 20:17:02.924916,"66,39402890205383",2740,3552,21,3
2024-10-18 20:17:03.128068,"66,59718179702759",2740,3552,21,3
2024-10-18 20:17:03.344065,"66,81317806243896",2740,3552,21,3
2024-10-18 20:17:03.548057,"67,01716995239258",2740,3552,21,3
2024-10-18 20:17:03.766820,"67,23593330383301",2740,3552,21,3
2024-10-18 20:17:03.985865,"67,45497870445251",2740,3552,21,3
2024-10-18 20:17:04.189063,"67,65817618370056",2740,3552,21,3
2024-10-18 20:17:04.392166,"67,86127972602844",2740,3552,21,3
2024-10-18 20:17:04.595298,"68,06441116333008",2740,3552,21,3
2024-10-18 20:17:04.798299,"68,26741194725037",2740,3552,21,3
2024-10-18 20:17:05.009707,"68,47882032394409",2740,3552,21,3
2024-10-18 20:17:05.219776,"68,688889503479",2740,3552,21,3
2024-10-18 20:17:05.423450,"68,89256358146667",2740,3552,21,3
2024-10-18 20:17:05.626786,"69,09589958190918",2740,3552,21,3
2024-10-18 20:17:05.842760,"69,3118736743927",2740,3553,21,2
2024-10-18 20:17:06.045850,"69,514963388443",2740,3553,21,2
2024-10-18 20:17:06.252561,"69,72167372703552",2740,3553,21,2
2024-10-18 20:17:06.455678,"69,92479133605957",2740,3552,21,3
2024-10-18 20:17:06.658762,"70,12787508964539",2740,3552,21,3
2024-10-18 20:17:06.871641,"70,34075403213501",2740,3552,21,3
2024-10-18 20:17:07.084618,"70,55373167991638",2740,3552,21,3
2024-10-18 20:17:07.287748,"70,7568609714508",2740,3552,21,3
2024-10-18 20:17:07.490674,"70,95978784561157",2740,3552,21,3
2024-10-18 20:17:07.694654,"71,16376686096191",2740,3552,21,3
2024-10-18 20:17:07.898174,"71,36728715896606",2740,3552,21,3
2024-10-18 20:17:08.101300,"71,57041335105896",2740,3552,21,3
2024-10-18 20:17:08.304421,"71,7735345363617",2740,3552,21,3
2024-10-18 20:17:08.507534,"71,97664737701416",2740,3552,21,3
2024-10-18 20:17:08.710660,"72,17977356910706",2740,3552,21,3
2024-10-18 20:17:08.917763,"72,38687682151794",2740,3552,21,3
2024-10-18 20:17:09.120693,"72,58980631828308",2740,3552,21,3
2024-10-18 20:17:09.328045,"72,79109120368958",2740,3552,21,3
2024-10-18 20:17:09.531424,"73,00053787231445",2740,3552,21,3
2024-10-18 20:17:09.738095,"73,20720791816711",2740,3552,21,3
2024-10-18 20:17:09.948350,"73,41746377944946",2740,3552,21,3
2024-10-18 20:17:10.151468,"73,62058091163635",2740,3552,21,3
2024-10-18 20:17:10.354603,"73,82371664047241",2740,3552,21,3
2024-10-18 20:17:10.557735,"74,02684807777405",2740,3552,21,3
2024-10-18 20:17:10.768845,"74,2379584312439",2740,3552,21,3
2024-10-18 20:17:10.971992,"74,44110536575317",2741,3552,20,3
2024-10-18 20:17:11.178415,"74,64752840995789",2741,3552,20,3
2024-10-18 20:17:11.381434,"74,85054731369019",2741,3552,20,3
2024-10-18 20:17:11.585083,"75,05419635772705",2741,3552,20,3
2024-10-18 20:17:11.788214,"75,25732731819153",2741,3552,20,3
2024-10-18 20:17:11.991369,"75,46048259735107",2741,3552,20,3
2024-10-18 20:17:12.194481,"75,66359376907349",2741,3552,20,3
2024-10-18 20:17:12.404233,"75,87334609031677",2741,3552,20,3
2024-10-18 20:17:12.609656,"76,07876920700073",2741,3552,20,3
2024-10-18 20:17:12.820000,"76,28911328315735",2741,3552,20,3
2024-10-18 20:17:13.023090,"76,49220299720764",2741,3552,20,3
2024-10-18 20:17:13.227546,"76,69665932655334",2741,3552,20,3
2024-10-18 20:17:13.433296,"76,90240907669067",2741,3552,20,3
2024-10-18 20:17:13.636256,"77,10536885261536",2741,3552,20,3
2024-10-18 20:17:13.846245,"77,31535792350769",2741,3552,20,3
2024-10-18 20:17:14.054802,"77,52391529083252",2741,3552,20,3
2024-10-18 20:17:14.257990,"77,7271032333374",2741,3552,20,3
2024-10-18 20:17:14.461113,"77,93022656440735",2741,3552,20,3
2024-10-18 20:17:14.664850,"78,1339635848999",2741,3552,20,3
2024-10-18 20:17:14.867763,"78,33687686920166",2741,3552,20,3
2024-10-18 20:17:15.070895,"78,54000854492188",2741,3552,20,3
2024-10-18 20:17:15.274586,"78,74369955062866",2741,3552,20,3
2024-10-18 20:17:15.477706,"78,94681906700134",2741,3552,20,3
2024-10-18 20:17:15.680724,"79,14983701705933",2741,3552,20,3
2024-10-18 20:17:15.883849,"79,35296201705933",2741,3552,20,3
2024-10-18 20:17:16.087078,"79,55619168281555",2741,3552,20,3
2024-10-18 20:17:16.293245,"79,76235795021057",2741,3552,20,3
2024-10-18 20:17:16.496377,"79,96548986434937",2741,3552,20,3
2024-10-18 20:17:16.700582,"80,16969561576843",2741,3552,20,3
2024-10-18 20:17:16.910429,"80,37954211235046",2741,3552,20,3
2024-10-18 20:17:17.113559,"80,58267188072205",2741,3552,20,3
2024-10-18 20:17:17.320962,"80,7900755405426",2742,3552,19,3
2024-10-18 20:17:17.524089,"80,99320197105408",2742,3552,19,3
2024-10-18 20:17:17.727996,"81,19710922241211",2742,3552,19,3
2024-10-18 20:17:17.931001,"81,40011477470398",2742,3552,19,3
2024-10-18 20:17:18.134153,"81,60326600074768",2742,3552,19,3
2024-10-18 20:17:18.337682,"81,80679535865784",2742,3552,19,3
2024-10-18 20:17:18.541529,"82,01064276695251",2742,3552,19,3
2024-10-18 20:17:18.744592,"82,21370553970337",2742,3552,19,3
2024-10-18 20:17:18.947876,"82,41698908805847",2742,3552,19,3
2024-10-18 20:17:19.151480,"82,62059330940247",2742,3552,19,3
2024-10-18 20:17:19.356168,"82,82528162002563",2741,3550,20,5
2024-10-18 20:17:19.559272,"83,02838516235352",2741,3550,20,5
2024-10-18 20:17:19.763328,"83,23244118690491",2741,3550,20,5
2024-10-18 20:17:19.968636,"83,43423748016357",2741,3550,20,5
2024-10-18 20:17:20.172468,"83,6415810585022",2741,3550,20,5
2024-10-18 20:17:20.375536,"83,84464907646179",2741,3550,20,5
2024-10-18 20:17:20.564391,"84,03350448608398",2741,3550,20,5
2024-10-18 20:17:20.768662,"84,23777484893799",2741,3550,20,5
2024-10-18 20:17:20.973412,"84,44252514839172",2741,3550,20,5
2024-10-18 20:17:21.179811,"84,64892482757568",2741,3550,20,5
2024-10-18 20:17:21.383389,"84,85250186920166",2741,3550,20,5
2024-10-18 20:17:21.586515,"85,05562853813171",2741,3550,20,5
2024-10-18 20:17:21.789679,"85,25879240036011",2741,3551,19,4
2024-10-18 20:17:21.992833,"85,46194672584534",2742,3551,19,4
2024-10-18 20:17:22.195892,"85,66500520706177",2742,3551,19,4
2024-10-18 20:17:22.399016,"85,86812949180603",2742,3551,19,4
2024-10-18 20:17:22.602187,"86,0713005065918",2742,3551,19,4
2024-10-18 20:17:22.805289,"86,27440214157104",2742,3552,19,3
2024-10-18 20:17:23.008510,"86,47762322425842",2742,3552,19,3
2024-10-18 20:17:23.211636,"86,68074917793274",2742,3552,19,3
2024-10-18 20:17:23.414678,"86,88379096984863",2742,3552,19,3
2024-10-18 20:17:23.618129,"87,08724236488342",2742,3552,19,3
2024-10-18 20:17:23.821724,"87,29083704948425",2742,3551,19,4
2024-10-18 20:17:24.025391,"87,49450469017029",2742,3551,19,4
2024-10-18 20:17:24.229218,"87,69833111763",2742,3551,19,4
2024-10-18 20:17:24.432854,"87,9019672870636",2742,3551,19,4
2024-10-18 20:17:24.636068,"88,10518097877502",2742,3551,19,4
2024-10-18 20:17:24.839127,"88,30824017524719",2743,3551,18,4
2024-10-18 20:17:25.043324,"88,51243782043457",2743,3551,18,4
2024-10-18 20:17:25.253359,"88,72247195243835",2743,3551,18,4
2024-10-18 20:17:25.456480,"88,92559337615967",2743,3551,18,4
2024-10-18 20:17:25.660276,"89,12938928604126",2743,3551,18,4
2024-10-18 20:17:25.870189,"89,33930230140686",2743,3551,18,4
2024-10-18 20:17:26.073318,"89,54243159294128",2743,3551,18,4
2024-10-18 20:17:26.276420,"89,74553346633911",2743,3551,18,4
2024-10-18 20:17:26.479532,"89,94864559173584",2743,3551,18,4
2024-10-18 20:17:26.683519,"90,15263247489929",2743,3551,18,4
2024-10-18 20:17:26.886438,"90,35555100440979",2743,3551,18,4
2024-10-18 20:17:27.089691,"90,55880427360535",2743,3551,18,4
2024-10-18 20:17:27.296889,"90,7660026550293",2743,3551,18,4
2024-10-18 20:17:27.500058,"90,9691710472107",2743,3551,18,4
2024-10-18 20:17:27.706476,"91,17558908462524",2743,3551,18,4
2024-10-18 20:17:27.916401,"91,3855140209198",2743,3551,18,4
2024-10-18 20:17:28.119524,"91,5886378288269",2743,3551,18,4
2024-10-18 20:17:28.323973,"91,7930862903595",2743,3551,18,4
2024-10-18 20:17:28.527111,"91,99622464179993",2743,3551,18,4
2024-10-18 20:17:28.731398,"92,20051145553589",2743,3551,18,4
2024-10-18 20:17:28.932038,"92,40115189552307",2743,3551,18,4
2024-10-18 20:17:29.135031,"92,60414457321167",2743,3551,18,4
2024-10-18 20:17:29.344674,"92,81378722190857",2743,3551,18,4
2024-10-18 20:17:29.547660,"93,01677346229553",2743,3551,18,4
2024-10-18 20:17:29.750839,"93,21995234489441",2743,3551,18,4
2024-10-18 20:17:29.953928,"93,42304158210754",2743,3551,18,4
2024-10-18 20:17:30.157207,"93,62632012367249",2743,3551,18,4
2024-10-18 20:17:30.367061,"93,8361747264862",2743,3551,18,4
2024-10-18 20:17:30.570186,"94,03929948806763",2743,3551,18,4
2024-10-18 20:17:30.773312,"94,24242568016052",2743,3551,18,4
2024-10-18 20:17:30.976456,"94,44556903839111",2743,3551,18,4
2024-10-18 20:17:31.179559,"94,64867281913757",2743,3551,18,4
2024-10-18 20:17:31.382882,"94,85199546813965",2743,3551,18,4
2024-10-18 20:17:31.586162,"95,05527472496033",2743,3551,18,4
2024-10-18 20:17:31.789135,"95,25824809074402",2744,3551,17,4
2024-10-18 20:17:31.992166,"95,46127986907959",2744,3551,17,4
2024-10-18 20:17:32.202188,"95,6713011264801",2744,3551,17,4
2024-10-18 20:17:32.415596,"95,88470911979675",2743,3551,18,4
2024-10-18 20:17:32.618711,"96,08782386779785",2743,3551,18,4
2024-10-18 20:17:32.821822,"96,29093480110168",2744,3551,17,4
2024-10-18 20:17:33.035238,"96,50435137748718",2744,3551,17,4
2024-10-18 20:17:33.238349,"96,7074625492096",2744,3551,17,4
2024-10-18 20:17:33.441475,"96,91058874130249",2744,3551,17,4
2024-10-18 20:17:33.644388,"97,11350178718567",2744,3551,17,4
2024-10-18 20:17:33.847646,"97,31675934791565",2744,3551,17,4
2024-10-18 20:17:34.050938,"97,52005171775818",2744,3551,17,4
2024-10-18 20:17:34.251191,"97,72030401229858",2744,3551,17,4
2024-10-18 20:17:34.454613,"97,92372679710388",2743,3551,18,4
2024-10-18 20:17:34.658104,"98,1272177696228",2743,3551,18,4
2024-10-18 20:17:34.861236,"98,33034944534302",2744,3551,17,4
2024-10-18 20:17:35.064815,"98,5339286327362",2744,3551,17,4
2024-10-18 20:17:35.268436,"98,73754930496216",2744,3551,17,4
2024-10-18 20:17:35.471731,"98,94084405899048",2743,3550,18,5
2024-10-18 20:17:35.675361,"99,14447450637817",2743,3550,18,5
2024-10-18 20:17:35.878437,"99,3475501537323",2744,3551,17,4
2024-10-18 20:17:36.081608,"99,5507218837738",2744,3551,17,4
2024-10-18 20:17:36.284728,"99,7538411617279",2744,3551,17,4
2024-10-18 20:17:36.488630,"99,95774364471436",2744,3551,17,4
2024-10-18 20:17:36.692121,"100,16123414039612",2744,3551,17,4
2024-10-18 20:17:36.898414,"100,3675274848938",2744,3551,17,4
2024-10-18 20:17:37.101529,"100,57064199447632",2744,3551,17,4
2024-10-18 20:17:37.305149,"100,77426266670227",2744,3551,17,4
2024-10-18 20:17:37.508027,"100,97714042663574",2744,3551,17,4
2024-10-18 20:17:37.711737,"101,18085050582886",2744,3551,17,4
2024-10-18 20:17:37.915397,"101,38451027870178",2744,3550,17,5
2024-10-18 20:17:38.118291,"101,58740425109863",2744,3550,17,5
2024-10-18 20:17:38.321414,"101,79052758216858",2744,3551,17,4
2024-10-18 20:17:38.524948,"101,99406099319458",2744,3551,17,4
2024-10-18 20:17:38.728350,"102,1974630355835",2744,3551,17,4
2024-10-18 20:17:38.931812,"102,40092515945435",2744,3550,17,5
2024-10-18 20:17:39.135147,"102,60426044464111",2744,3550,17,5
2024-10-18 20:17:39.335159,"102,8042721748352",2744,3550,17,5
2024-10-18 20:17:39.545545,"103,0146586894989",2744,3550,17,5
2024-10-18 20:17:39.748668,"103,21778178215027",2744,3550,17,5
2024-10-18 20:17:39.951794,"103,420907497406",2744,3551,17,4
2024-10-18 20:17:40.154937,"103,62404990196228",2744,3551,17,4
2024-10-18 20:17:40.357932,"103,82704567909241",2744,3550,17,5
2024-10-18 20:17:40.561748,"104,03086137771606",2744,3550,17,5
2024-10-18 20:17:40.764873,"104,23398685455322",2744,3550,17,5
2024-10-18 20:17:40.972820,"104,44193315505981",2744,3550,17,5
2024-10-18 20:17:41.175975,"104,64508819580078",2744,3550,17,5
2024-10-18 20:17:41.384340,"104,85345339775085",2744,3550,17,5
2024-10-18 20:17:41.587499,"105,05661177635193",2744,3550,17,5
2024-10-18 20:17:41.791321,"105,2604341506958",2744,3550,17,5
2024-10-18 20:17:41.997324,"105,46643733978271",2744,3550,17,5
2024-10-18 20:17:42.200437,"105,66955065727234",2744,3550,17,5
2024-10-18 20:17:42.403899,"105,87301254272461",2744,3550,17,5
2024-10-18 20:17:42.606906,"106,07601976394653",2744,3550,17,5
2024-10-18 20:17:42.810141,"106,2792546749115",2744,3550,17,5
2024-10-18 20:17:43.025752,"106,49486494064331",2744,3550,17,5
2024-10-18 20:17:43.229277,"106,6983904838562",2744,3550,17,5
2024-10-18 20:17:43.432454,"106,90156722068787",2744,3550,17,5
2024-10-18 20:17:43.635577,"107,10469007492065",2744,3550,17,5
2024-10-18 20:17:43.839053,"107,30816650390625",2745,3550,16,5
2024-10-18 20:17:44.051025,"107,52013826370239",2745,3550,16,5
2024-10-18 20:17:44.254378,"107,72349119186401",2745,3550,16,5
2024-10-18 20:17:44.457539,"107,92665243148804",2744,3550,17,5
2024-10-18 20:17:44.660866,"108,12997961044312",2744,3550,17,5
2024-10-18 20:17:44.864117,"108,33323097229004",2744,3550,17,5
2024-10-18 20:17:45.070690,"108,53980374336243",2744,3550,17,5
2024-10-18 20:17:45.276576,"108,74568915367126",2744,3550,16,5
2024-10-18 20:17:45.479699,"108,94881200790405",2745,3550,16,5
2024-10-18 20:17:45.682839,"109,1519525051117",2745,3550,16,5
2024-10-18 20:17:45.884370,"109,35348272323608",2745,3550,16,5
2024-10-18 20:17:46.087493,"109,55660653114319",2745,3550,16,5
2024-10-18 20:17:46.290987,"109,76010012626648",2745,3550,16,5
2024-10-18 20:17:46.494098,"109,96321105957031",2745,3550,16,5
2024-10-18 20:17:46.698151,"110,16726446151733",2745,3550,16,5
2024-10-18 20:17:46.903679,"110,37279200553894",2745,3551,16,4
2024-10-18 20:17:47.106827,"110,57593989372253",2745,3551,16,4
2024-10-18 20:17:47.310061,"110,77917432785034",2745,3551,16,4
2024-10-18 20:17:47.513148,"110,98226165771484",2745,3551,16,4
2024-10-18 20:17:47.723154,"111,19226694107056",2745,3551,16,4
2024-10-18 20:17:47.926273,"111,39538598060608",2745,3550,16,5
2024-10-18 20:17:48.129379,"111,59849238395691",2745,3550,16,5
2024-10-18 20:17:48.332849,"111,80196285247803",2745,3550,16,5
2024-10-18 20:17:48.535968,"112,00508141517639",2745,3550,16,5
2024-10-18 20:17:48.739098,"112,20821142196655",2745,3550,16,5
2024-10-18 20:17:48.945218,"112,41433095932007",2745,3550,16,5
2024-10-18 20:17:49.148233,"112,6173460483551",2745,3550,16,5
2024-10-18 20:17:49.351383,"112,82049608230591",2744,3550,17,5
2024-10-18 20:17:49.554370,"113,02348303794861",2744,3550,17,5
2024-10-18 20:17:49.757729,"113,22684264183044",2744,3550,17,5
2024-10-18 20:17:49.961940,"113,43105292320251",2744,3550,17,5
2024-10-18 20:17:50.165448,"113,63456106185913",2744,3550,17,5
2024-10-18 20:17:50.368581,"113,83769392967224",2744,3550,17,5
2024-10-18 20:17:50.571697,"114,04080986976624",2744,3550,17,5
2024-10-18 20:17:50.774816,"114,24392986297607",2745,3550,16,5
2024-10-18 20:17:50.977932,"114,44704556465149",2745,3550,16,5
2024-10-18 20:17:51.180935,"114,65004801750183",2745,3550,16,5
2024-10-18 20:17:51.384059,"114,8531723022461",2745,3550,16,5
2024-10-18 20:17:51.587320,"115,05643320083618",2745,3550,16,5
2024-10-18 20:17:51.790445,"115,25955820083618",2745,3550,16,5
2024-10-18 20:17:51.993557,"115,46267008781433",2745,3550,16,5
2024-10-18 20:17:52.196605,"115,66571831703186",2745,3550,16,5
2024-10-18 20:17:52.399756,"115,86886978149414",2745,3550,16,5
2024-10-18 20:17:52.606935,"116,0760486125946",2745,3550,16,5
2024-10-18 20:17:52.810079,"116,27919173240662",2745,3550,16,5
2024-10-18 20:17:53.010065,"116,47917819023132",2745,3550,16,5
2024-10-18 20:17:53.213548,"116,68266105651855",2745,3550,16,5
2024-10-18 20:17:53.419330,"116,88844323158264",2745,3550,16,5
2024-10-18 20:17:53.628457,"117,09756994247437",2745,3550,16,5
2024-10-18 20:17:53.831687,"117,30080032348633",2745,3550,16,5
2024-10-18 20:17:54.035135,"117,50424861907959",2745,3550,16,5
2024-10-18 20:17:54.235542,"117,70465540885925",2745,3550,16,5
2024-10-18 20:17:54.438951,"117,90806436538696",2745,3550,16,5
2024-10-18 20:17:54.642097,"118,11121034622192",2745,3550,16,5
2024-10-18 20:17:54.845224,"118,3143367767334",2745,3550,16,5
2024-10-18 20:17:55.052026,"118,52113890647888",2745,3550,16,5
2024-10-18 20:17:55.252160,"118,72127342224121",2745,3550,16,5
2024-10-18 20:17:55.455576,"118,92468929290771",2745,3550,16,5
2024-10-18 20:17:55.659950,"119,1290636062622",2745,3550,16,5
2024-10-18 20:17:55.862950,"119,33206295967102",2745,3550,16,5
2024-10-18 20:17:56.074901,"119,54401469230652",2745,3550,16,5
2024-10-18 20:17:56.284855,"119,75396871566772",2745,3550,16,5
2024-10-18 20:17:56.487988,"119,95710110664368",2745,3550,16,5
2024-10-18 20:17:56.698167,"120,16728019714355",2745,3550,16,5
2024-10-18 20:17:56.901265,"120,37037801742554",2745,3550,16,5
2024-10-18 20:17:57.104398,"120,5735113620758",2745,3550,16,5
2024-10-18 20:17:57.307866,"120,77697896957397",2745,3550,16,5
2024-10-18 20:17:57.511779,"120,98089241981506",2745,3550,16,5
2024-10-18 20:17:57.714901,"121,1840147972107",2745,3550,16,5
2024-10-18 20:17:57.918024,"121,38713717460632",2745,3550,16,5
2024-10-18 20:17:58.120918,"121,59003162384033",2745,3550,16,5
2024-10-18 20:17:58.324283,"121,79339623451233",2745,3550,16,5
2024-10-18 20:17:58.535188,"122,00430130958557",2745,3550,16,5
2024-10-18 20:17:58.747189,"122,21630239486694",2745,3550,16,5
2024-10-18 20:17:58.952910,"122,42202305793762",2745,3550,16,5
2024-10-18 20:17:59.156023,"122,62513613700867",2745,3550,16,5
2024-10-18 20:17:59.362755,"122,83186841011047",2745,3550,16,5
2024-10-18 20:17:59.566055,"123,03516840934753",2745,3550,16,5
2024-10-18 20:17:59.769180,"123,23829364776611",2745,3550,16,5
2024-10-18 20:17:59.972306,"123,44141936302185",2745,3550,16,5
2024-10-18 20:18:00.175424,"123,64453744888306",2745,3550,16,5
2024-10-18 20:18:00.378436,"123,84754920005798",2745,3550,16,5
2024-10-18 20:18:00.588895,"124,05800819396973",2745,3550,16,5
2024-10-18 20:18:00.792517,"124,26163077354431",2745,3550,16,5
2024-10-18 20:18:00.995569,"124,46468186378479",2745,3550,16,5
2024-10-18 20:18:01.199079,"124,66819262504578",2745,3550,16,5
2024-10-18 20:18:01.400037,"124,86915016174316",2746,3550,15,5
2024-10-18 20:18:01.609294,"125,07840776443481",2746,3550,15,5
2024-10-18 20:18:01.812430,"125,28154301643372",2746,3550,15,5
2024-10-18 20:18:02.026733,"125,49584627151489",2746,3550,15,5
2024-10-18 20:18:02.235868,"125,7049810886383",2746,3550,15,5
2024-10-18 20:18:02.445528,"125,91464114189148",2746,3550,15,5
2024-10-18 20:18:02.648558,"126,117671251297",2746,3550,15,5
2024-10-18 20:18:02.849074,"126,31818747520447",2745,3550,16,5
2024-10-18 20:18:03.052217,"126,5213303565979",2745,3550,16,5
2024-10-18 20:18:03.257163,"126,72627592086792",2745,3550,16,5
2024-10-18 20:18:03.460265,"126,92937803268433",2746,3550,15,5
2024-10-18 20:18:03.664021,"127,13313436508179",2746,3550,15,5
2024-10-18 20:18:03.864618,"127,33373141288757",2745,3550,16,5
2024-10-18 20:18:04.067708,"127,53682112693787",2745,3550,16,5
2024-10-18 20:18:04.270640,"127,73975324630737",2746,3550,15,5
2024-10-18 20:18:04.473748,"127,94286108016968",2746,3550,15,5
2024-10-18 20:18:04.676882,"128,14599561691284",2746,3550,15,5
2024-10-18 20:18:04.880125,"128,34923815727234",2745,3549,16,6
2024-10-18 20:18:05.083377,"128,55249047279358",2745,3549,16,6
2024-10-18 20:18:05.295408,"128,76452136039734",2746,3549,15,6
2024-10-18 20:18:05.504944,"128,9740571975708",2746,3549,15,6
2024-10-18 20:18:05.708058,"129,17717170715332",2746,3549,15,6
2024-10-18 20:18:05.918334,"129,38744688034058",2746,3550,15,5
2024-10-18 20:18:06.122098,"129,59121108055115",2746,3550,15,5
2024-10-18 20:18:06.328187,"129,79730081558228",2746,3550,15,5
2024-10-18 20:18:06.531296,"130,00040936470032",2746,3550,15,5
2024-10-18 20:18:06.738762,"130,20787525177002",2746,3550,15,5
2024-10-18 20:18:06.942445,"130,41155815124512",2746,3550,15,5
2024-10-18 20:18:07.145598,"130,61471104621887",2746,3550,15,5
2024-10-18 20:18:07.351399,"130,82051181793213",2746,3550,15,5
2024-10-18 20:18:07.554506,"131,0236189365387",2746,3550,15,5
2024-10-18 20:18:07.758546,"131,22765946388245",2746,3550,15,5
2024-10-18 20:18:07.961698,"131,4308111667633",2746,3550,15,5
2024-10-18 20:18:08.164826,"131,6339395046234",2746,3550,15,5
2024-10-18 20:18:08.368406,"131,83751940727234",2746,3550,15,5
2024-10-18 20:18:08.572252,"132,04136562347412",2746,3550,15,5
2024-10-18 20:18:08.775348,"132,2444612979889",2746,3550,15,5
2024-10-18 20:18:08.978903,"132,44801592826843",2746,3550,15,5
2024-10-18 20:18:09.182495,"132,65160846710205",2746,3550,15,5
2024-10-18 20:18:09.388643,"132,85775637626648",2746,3550,15,5
2024-10-18 20:18:09.591831,"133,06094479560852",2746,3550,15,5
2024-10-18 20:18:09.794939,"133,2640528678894",2746,3550,15,5
2024-10-18 20:18:10.001848,"133,47096180915833",2746,3550,15,5
2024-10-18 20:18:10.204972,"133,67408561706543",2746,3550,15,5
2024-10-18 20:18:10.414778,"133,88389134407043",2746,3550,15,5
2024-10-18 20:18:10.617907,"134,0870201587677",2746,3550,15,5
2024-10-18 20:18:10.820988,"134,29010128974915",2746,3550,15,5
2024-10-18 20:18:11.025192,"134,49430513381958",2746,3550,15,5
2024-10-18 20:18:11.227776,"134,69688987731934",2746,3550,15,5
2024-10-18 20:18:11.430710,"134,89982342720032",2746,3549,15,6
2024-10-18 20:18:11.634048,"135,1031608581543",2746,3549,15,6
2024-10-18 20:18:11.834021,"135,30313420295715",2746,3549,15,6
2024-10-18 20:18:12.037420,"135,5065336227417",2746,3549,15,6
2024-10-18 20:18:12.240480,"135,70959305763245",2746,3549,15,6
2024-10-18 20:18:12.444429,"135,9135422706604",2746,3549,15,6
2024-10-18 20:18:12.647560,"136,11667275428772",2746,3549,15,6
2024-10-18 20:18:12.857338,"136,32645106315613",2746,3549,15,6
2024-10-18 20:18:13.066426,"136,53553938865662",2746,3549,15,6
2024-10-18 20:18:13.270452,"136,73956537246704",2747,3549,14,6
2024-10-18 20:18:13.474002,"136,94311571121216",2747,3549,14,6
2024-10-18 20:18:13.676904,"137,14601731300354",2747,3549,14,6
2024-10-18 20:18:13.887012,"137,35612511634827",2746,3549,15,6
2024-10-18 20:18:14.090144,"137,55925726890564",2746,3549,15,6
2024-10-18 20:18:14.297237,"137,76635074615479",2747,3549,14,6
2024-10-18 20:18:14.500355,"137,96946835517883",2747,3549,14,6
2024-10-18 20:18:14.701097,"138,1702103614807",2747,3549,14,6
2024-10-18 20:18:14.911006,"138,38011956214905",2746,3549,15,6
2024-10-18 20:18:15.114317,"138,583429813385",2746,3549,15,6
2024-10-18 20:18:15.317537,"138,7866506576538",2747,3549,14,6
2024-10-18 20:18:15.520627,"138,98973989486694",2747,3549,14,6
2024-10-18 20:18:15.723829,"139,19294261932373",2747,3549,14,6
2024-10-18 20:18:15.926872,"139,39598488807678",2746,3548,15,7
2024-10-18 20:18:16.136719,"139,60583233833313",2746,3548,15,7
2024-10-18 20:18:16.346606,"139,81571888923645",2746,3549,15,6
2024-10-18 20:18:16.551475,"140,02058815956116",2746,3549,15,6
2024-10-18 20:18:16.761707,"140,23081994056702",2746,3549,15,6
2024-10-18 20:18:16.964830,"140,43394351005554",2746,3549,15,6
2024-10-18 20:18:17.175463,"140,64457654953003",2746,3549,15,6
2024-10-18 20:18:17.385879,"140,85499262809753",2746,3549,15,6
2024-10-18 20:18:17.589410,"141,058522939682",2746,3549,15,6
2024-10-18 20:18:17.793504,"141,26261734962463",2747,3549,14,6
2024-10-18 20:18:17.999442,"141,4685559272766",2747,3549,14,6
2024-10-18 20:18:18.202647,"141,67176008224487",2747,3549,14,6
2024-10-18 20:18:18.406533,"141,87564635276794",2747,3549,14,6
2024-10-18 20:18:18.609655,"142,07876801490784",2747,3549,14,6
2024-10-18 20:18:18.812805,"142,28191828727722",2747,3549,14,6
2024-10-18 20:18:19.018150,"142,4872636795044",2747,3549,14,6
2024-10-18 20:18:19.221117,"142,69023084640503",2747,3549,14,6
2024-10-18 20:18:19.428762,"142,89787578582764",2747,3550,14,5
2024-10-18 20:18:19.635216,"143,10432958602905",2747,3550,14,5
2024-10-18 20:18:19.840710,"143,309823513031",2747,3550,14,5
2024-10-18 20:18:20.045253,"143,51436638832092",2747,3550,14,5
2024-10-18 20:18:20.248268,"143,71738171577454",2747,3550,14,5
2024-10-18 20:18:20.451306,"143,92041993141174",2747,3549,14,6
2024-10-18 20:18:20.658037,"144,12714982032776",2747,3549,14,6
2024-10-18 20:18:20.861232,"144,33034491539001",2746,3549,15,6
2024-10-18 20:18:21.064355,"144,53346848487854",2746,3549,15,6
2024-10-18 20:18:21.267738,"144,73685145378113",2746,3549,15,6
2024-10-18 20:18:21.470865,"144,93997883796692",2746,3549,15,6
2024-10-18 20:18:21.674620,"145,14373326301575",2746,3549,15,6
2024-10-18 20:18:21.877790,"145,34690308570862",2746,3549,15,6
2024-10-18 20:18:22.080756,"145,54986953735352",2746,3549,15,6
2024-10-18 20:18:22.284064,"145,7531774044037",2746,3549,15,6
2024-10-18 20:18:22.486978,"145,9560911655426",2746,3549,15,6
2024-10-18 20:18:22.696910,"146,16602301597595",2746,3549,15,6
2024-10-18 20:18:22.900860,"146,36997389793396",2746,3549,15,6
2024-10-18 20:18:23.104008,"146,57312107086182",2746,3549,15,6
2024-10-18 20:18:23.307119,"146,7762327194214",2747,3549,14,6
2024-10-18 20:18:23.510232,"146,97934556007385",2747,3549,14,6
2024-10-18 20:18:23.714095,"147,183207988739",2747,3549,14,6
2024-10-18 20:18:23.917220,"147,38633346557617",2746,3549,15,6
2024-10-18 20:18:24.120333,"147,58944582939148",2746,3549,15,6
2024-10-18 20:18:24.331149,"147,79966807365417",2746,3549,15,6
2024-10-18 20:18:24.534383,"148,00349640846252",2746,3549,15,6
2024-10-18 20:18:24.737269,"148,20638179779053",2746,3549,15,6
2024-10-18 20:18:24.941041,"148,41015481948853",2746,3549,15,6
2024-10-18 20:18:25.144197,"148,61331057548523",2746,3549,15,6
2024-10-18 20:18:25.347288,"148,81640148162842",2746,3549,15,6
2024-10-18 20:18:25.550459,"149,01957273483276",2746,3549,15,6
2024-10-18 20:18:25.753536,"149,22264909744263",2747,3549,14,6
2024-10-18 20:18:25.963133,"149,43224668502808",2747,3549,14,6
2024-10-18 20:18:26.167202,"149,63631558418274",2747,3549,14,6
2024-10-18 20:18:26.370695,"149,8398084640503",2747,3549,14,6
2024-10-18 20:18:26.573824,"150,04293704032898",2747,3549,14,6
2024-10-18 20:18:26.777634,"150,24674773216248",2747,3549,14,6
2024-10-18 20:18:26.980652,"150,44976496696472",2747,3549,14,6
2024-10-18 20:18:27.183886,"150,6529996395111",2747,3549,14,6
2024-10-18 20:18:27.387049,"150,85616183280945",2747,3549,14,6
2024-10-18 20:18:27.581254,"151,05036735534668",2747,3549,14,6
2024-10-18 20:18:27.793420,"151,26253366470337",2747,3549,14,6
2024-10-18 20:18:27.996563,"151,4656765460968",2747,3549,14,6
2024-10-18 20:18:28.199708,"151,66882133483887",2747,3549,14,6
2024-10-18 20:18:28.402819,"151,87193250656128",2747,3549,14,6
2024-10-18 20:18:28.606442,"152,07555556297302",2747,3549,14,6
2024-10-18 20:18:28.816268,"152,2853810787201",2747,3549,14,6
2024-10-18 20:18:29.025708,"152,4948217868805",2747,3549,14,6
2024-10-18 20:18:29.228693,"152,69780611991882",2747,3549,14,6
2024-10-18 20:18:29.431914,"152,90102791786194",2747,3549,14,6
2024-10-18 20:18:29.635408,"153,1045207977295",2747,3549,14,6
2024-10-18 20:18:29.841745,"153,31085801124573",2747,3549,14,6
2024-10-18 20:18:30.041726,"153,51083874702454",2747,3549,14,6
2024-10-18 20:18:30.245229,"153,71434235572815",2747,3549,14,6
2024-10-18 20:18:30.449549,"153,91866278648376",2747,3549,14,6
2024-10-18 20:18:30.653261,"154,1223747730255",2747,3549,14,6
2024-10-18 20:18:30.856369,"154,32548236846924",2747,3549,14,6
2024-10-18 20:18:31.059509,"154,52862238883972",2747,3549,14,6
2024-10-18 20:18:31.264060,"154,7331736087799",2747,3549,14,6
2024-10-18 20:18:31.467083,"154,93619656562805",2747,3549,14,6
2024-10-18 20:18:31.670335,"155,13944816589355",2747,3549,14,6
2024-10-18 20:18:31.873434,"155,342547416687",2747,3549,14,6
2024-10-18 20:18:32.076567,"155,54568076133728",2747,3549,14,6
2024-10-18 20:18:32.279679,"155,7487919330597",2747,3549,14,6
2024-10-18 20:18:32.479677,"155,9487907886505",2747,3549,14,6
2024-10-18 20:18:32.682977,"156,152090549469",2747,3549,14,6
2024-10-18 20:18:32.886215,"156,35532784461975",2747,3549,14,6
2024-10-18 20:18:33.089336,"156,55844926834106",2747,3549,14,6
2024-10-18 20:18:33.292072,"156,76118564605713",2747,3549,14,6
2024-10-18 20:18:33.499195,"156,96830821037292",2747,3549,14,6
2024-10-18 20:18:33.702206,"157,17131900787354",2747,3549,14,6
2024-10-18 20:18:33.905803,"157,37491607666016",2747,3549,14,6
2024-10-18 20:18:34.114178,"157,58329153060913",2747,3549,14,6
2024-10-18 20:18:34.323339,"157,79245257377625",2747,3549,14,6
2024-10-18 20:18:34.533390,"158,0025029182434",2747,3549,14,6
2024-10-18 20:18:34.742986,"158,21209979057312",2747,3549,14,6
2024-10-18 20:18:34.946231,"158,41534423828125",2747,3549,14,6
2024-10-18 20:18:35.149255,"158,61836862564087",2747,3549,14,6
2024-10-18 20:18:35.352366,"158,8214795589447",2747,3548,14,7
2024-10-18 20:18:35.564302,"159,03341484069824",2747,3548,14,7
2024-10-18 20:18:35.775771,"159,23691725730896",2747,3549,14,6
2024-10-18 20:18:35.971576,"159,44068908691406",2747,3549,14,6
2024-10-18 20:18:36.174765,"159,64387798309326",2747,3549,14,6
2024-10-18 20:18:36.377893,"159,84700632095337",2747,3549,14,6
2024-10-18 20:18:36.581966,"160,0510790348053",2747,3549,14,6
2024-10-18 20:18:36.785077,"160,25419068336487",2748,3549,13,6
2024-10-18 20:18:36.994052,"160,4631655216217",2748,3549,13,6
2024-10-18 20:18:37.196971,"160,66608476638794",2748,3549,13,6
2024-10-18 20:18:37.400496,"160,8696095943451",2747,3549,14,6
2024-10-18 20:18:37.603623,"161,07273650169373",2747,3549,14,6
2024-10-18 20:18:37.814099,"161,283212184906",2747,3549,14,6
2024-10-18 20:18:38.016972,"161,48608565330505",2747,3549,14,6
2024-10-18 20:18:38.220267,"161,6893801689148",2747,3549,14,6
2024-10-18 20:18:38.423449,"161,89256262779236",2747,3549,14,6
2024-10-18 20:18:38.626577,"162,09569025039673",2747,3549,14,6
2024-10-18 20:18:38.830312,"162,2994258403778",2747,3548,14,7
2024-10-18 20:18:39.034622,"162,50373578071594",2747,3548,14,7
2024-10-18 20:18:39.237745,"162,70685839653015",2747,3548,13,6
2024-10-18 20:18:39.440879,"162,90999269485474",2748,3549,13,6
2024-10-18 20:18:39.644081,"163,11319375038147",2748,3549,13,6
2024-10-18 20:18:39.856146,"163,32525944709778",2748,3549,13,6
2024-10-18 20:18:40.059275,"163,52838778495789",2748,3549,13,6
2024-10-18 20:18:40.253739,"163,72285199165344",2748,3549,13,6
2024-10-18 20:18:40.456923,"163,92603611946106",2748,3549,13,6
2024-10-18 20:18:40.660102,"164,12921500205994",2748,3549,13,6
2024-10-18 20:18:40.870270,"164,33938312530518",2748,3549,13,6
2024-10-18 20:18:41.073722,"164,54283547401428",2748,3549,13,6
2024-10-18 20:18:41.276887,"164,74600076675415",2748,3549,13,6
2024-10-18 20:18:41.487508,"164,95662117004395",2748,3549,13,6
2024-10-18 20:18:41.697636,"165,16674900054932",2748,3549,13,6
2024-10-18 20:18:41.899930,"165,36904382705688",2748,3549,13,6
2024-10-18 20:18:42.103085,"165,5721983909607",2748,3549,13,6
2024-10-18 20:18:42.310449,"165,77956199645996",2748,3549,13,6
2024-10-18 20:18:42.513450,"165,9825632572174",2748,3549,13,6
2024-10-18 20:18:42.716623,"166,18573665618896",2748,3549,13,6
2024-10-18 20:18:42.919809,"166,38892221450806",2748,3548,13,7
2024-10-18 20:18:43.131878,"166,60099124908447",2748,3548,13,7
2024-10-18 20:18:43.335557,"166,8046703338623",2748,3548,13,7
2024-10-18 20:18:43.541458,"167,01057124137878",2748,3548,13,7
2024-10-18 20:18:43.755497,"167,2246105670929",2748,3548,13,7
2024-10-18 20:18:43.962445,"167,4315586090088",2748,3548,13,7
2024-10-18 20:18:44.165595,"167,63470792770386",2748,3548,13,7
2024-10-18 20:18:44.368698,"167,83781123161316",2748,3548,13,7
2024-10-18 20:18:44.571849,"168,04096293449402",2748,3548,13,7
2024-10-18 20:18:44.774753,"168,24386620521545",2748,3548,13,7
2024-10-18 20:18:44.978008,"168,44712138175964",2748,3548,13,7
2024-10-18 20:18:45.181198,"168,65031147003174",2748,3548,13,7
2024-10-18 20:18:45.394866,"168,86397910118103",2748,3548,13,7
2024-10-18 20:18:45.604684,"169,0737977027893",2748,3548,13,7
2024-10-18 20:18:45.807775,"169,27688789367676",2748,3548,13,7
2024-10-18 20:18:46.010899,"169,48001265525818",2748,3548,13,7
2024-10-18 20:18:46.210646,"169,67975974082947",2748,3548,13,7
2024-10-18 20:18:46.414088,"169,8832015991211",2748,3548,13,7
2024-10-18 20:18:46.617193,"170,0863058567047",2748,3548,13,7
2024-10-18 20:18:46.827055,"170,29616856575012",2748,3548,13,7
2024-10-18 20:18:47.030090,"170,49920392036438",2748,3548,13,7
2024-10-18 20:18:47.239989,"170,7091019153595",2748,3548,13,7
2024-10-18 20:18:47.443112,"170,91222500801086",2748,3548,13,7
2024-10-18 20:18:47.646239,"171,11535263061523",2748,3548,13,7
2024-10-18 20:18:47.855898,"171,32501101493835",2748,3548,13,7
2024-10-18 20:18:48.059467,"171,52857995033264",2748,3548,13,7
2024-10-18 20:18:48.259478,"171,72859144210815",2748,3548,13,7
2024-10-18 20:18:48.462892,"171,93200492858887",2748,3548,13,7
2024-10-18 20:18:48.666023,"172,13513684272766",2748,3548,13,7
2024-10-18 20:18:48.869136,"172,33824920654297",2748,3548,13,7
2024-10-18 20:18:49.076251,"172,5453643798828",2748,3548,13,7
2024-10-18 20:18:49.279265,"172,7483777999878",2748,3548,13,7
2024-10-18 20:18:49.482500,"172,95161318778992",2748,3548,13,7
2024-10-18 20:18:49.685571,"173,15468430519104",2748,3548,13,7
2024-10-18 20:18:49.895367,"173,36448073387146",2748,3548,13,7
2024-10-18 20:18:50.098491,"173,56760478019714",2748,3548,13,7
2024-10-18 20:18:50.301651,"173,77076411247253",2748,3548,13,7
2024-10-18 20:18:50.506089,"173,97520232200623",2748,3548,13,7
2024-10-18 20:18:50.711468,"174,18058109283447",2748,3548,13,7
2024-10-18 20:18:50.916396,"174,38550901412964",2748,3548,13,7
2024-10-18 20:18:51.120329,"174,58944249153137",2748,3548,13,7
2024-10-18 20:18:51.323822,"174,7929356098175",2748,3549,13,6
2024-10-18 20:18:51.526822,"174,99593496322632",2748,3549,13,6
2024-10-18 20:18:51.727627,"175,19674062728882",2748,3549,13,6
2024-10-18 20:18:51.932440,"175,4015531539917",2748,3549,13,6
2024-10-18 20:18:52.139517,"175,60863041877747",2748,3549,13,6
2024-10-18 20:18:52.347166,"175,81627941131592",2748,3548,13,7
2024-10-18 20:18:52.550556,"176,01966881752014",2748,3548,13,7
2024-10-18 20:18:52.754021,"176,22313451766968",2748,3549,13,6
2024-10-18 20:18:52.957149,"176,42626285552979",2748,3549,13,6
2024-10-18 20:18:53.160647,"176,62976002693176",2748,3549,13,6
2024-10-18 20:18:53.363555,"176,83266878128052",2748,3548,13,7
2024-10-18 20:18:53.567428,"177,03654170036316",2748,3548,13,7
2024-10-18 20:18:53.770742,"177,23985481262207",2748,3548,13,7
2024-10-18 20:18:53.973920,"177,44303345680237",2748,3548,13,7
2024-10-18 20:18:54.177320,"177,64643383026123",2748,3548,13,7
2024-10-18 20:18:54.386917,"177,85603070259094",2748,3548,13,7
2024-10-18 20:18:54.590172,"178,05928540229797",2748,3548,13,7
2024-10-18 20:18:54.793957,"178,26307082176208",2748,3548,13,7
2024-10-18 20:18:54.997935,"178,46704840660095",2748,3548,13,7
2024-10-18 20:18:55.201486,"178,67059898376465",2748,3548,13,7
2024-10-18 20:18:55.404946,"178,8740589618683",2748,3548,13,7
2024-10-18 20:18:55.609604,"179,07871770858765",2748,3548,13,7
2024-10-18 20:18:55.812886,"179,28199911117554",2748,3548,13,7
2024-10-18 20:18:56.016175,"179,48528838157654",2748,3548,13,7
2024-10-18 20:18:56.220010,"179,68912363052368",2748,3548,13,7
2024-10-18 20:18:56.423156,"179,89226937294006",2748,3548,13,7
2024-10-18 20:18:56.626780,"180,09589314460754",2748,3548,13,7
2024-10-18 20:18:56.836672,"180,30578541755676",2748,3548,13,7
2024-10-18 20:18:57.039843,"180,50895595550537",2748,3548,13,7
2024-10-18 20:18:57.242948,"180,71206164360046",2748,3548,13,7
2024-10-18 20:18:57.446102,"180,91521573066711",2748,3548,13,7
2024-10-18 20:18:57.649225,"181,1183385848999",2748,3548,13,7
2024-10-18 20:18:57.859090,"181,32820320129395",2748,3548,13,7
2024-10-18 20:18:58.062003,"181,53111624717712",2748,3548,13,7
2024-10-18 20:18:58.265255,"181,73436856269836",2748,3548,13,7
2024-10-18 20:18:58.468473,"181,9375867843628",2748,3548,13,7
2024-10-18 20:18:58.672237,"182,14135026931763",2748,3548,13,7
2024-10-18 20:18:58.875344,"182,34445786476135",2748,3548,13,7
2024-10-18 20:18:59.078477,"182,54759073257446",2748,3548,13,7
2024-10-18 20:18:59.281592,"182,75070571899414",2749,3548,12,7
2024-10-18 20:18:59.485344,"182,95445680618286",2749,3548,12,7
2024-10-18 20:18:59.673509,"183,14262199401855",2749,3548,12,7
2024-10-18 20:18:59.876640,"183,3457531929016",2749,3548,12,7
2024-10-18 20:19:00.079755,"183,5488679409027",2749,3548,12,7
2024-10-18 20:19:00.282772,"183,75188565254211",2749,3548,12,7
2024-10-18 20:19:00.498630,"183,9677426815033",2749,3548,12,7
2024-10-18 20:19:00.701924,"184,17103695869446",2749,3548,12,7
2024-10-18 20:19:00.905682,"184,3747956752777",2749,3548,12,7
2024-10-18 20:19:01.108838,"184,5779514312744",2749,3548,12,7
2024-10-18 20:19:01.323431,"184,7925443649292",2749,3548,12,7
2024-10-18 20:19:01.535189,"185,0043022632599",2749,3548,12,7
2024-10-18 20:19:01.738336,"185,20744943618774",2749,3548,12,7
2024-10-18 20:19:01.941828,"185,41094136238098",2749,3548,12,7
2024-10-18 20:19:02.144928,"185,61404156684875",2749,3548,12,7
2024-10-18 20:19:02.348074,"185,81718707084656",2749,3548,12,7
2024-10-18 20:19:02.550979,"186,0200924873352",2749,3548,12,7
2024-10-18 20:19:02.761029,"186,23014283180237",2749,3548,12,7
2024-10-18 20:19:02.964196,"186,4333095550537",2749,3548,12,7
2024-10-18 20:19:03.169335,"186,6384482383728",2749,3548,12,7
2024-10-18 20:19:03.372452,"186,84156489372253",2749,3548,12,7
2024-10-18 20:19:03.579184,"187,04829740524292",2749,3548,12,7
2024-10-18 20:19:03.783365,"187,2524778842926",2749,3548,12,7
2024-10-18 20:19:03.986500,"187,45561337471008",2749,3548,12,7
2024-10-18 20:19:04.191109,"187,660222530365",2749,3548,12,7
2024-10-18 20:19:04.394244,"187,8633575439453",2749,3548,12,7
2024-10-18 20:19:04.597868,"188,0669810771942",2749,3548,12,7
2024-10-18 20:19:04.801039,"188,27015280723572",2749,3548,12,7
2024-10-18 20:19:05.005360,"188,4744734764099",2749,3548,12,7
2024-10-18 20:19:05.209676,"188,6787896156311",2749,3548,12,7
2024-10-18 20:19:05.413128,"188,88224124908447",2749,3548,12,7
2024-10-18 20:19:05.616836,"189,08594965934753",2749,3548,12,7
2024-10-18 20:19:05.819930,"189,2890429496765",2749,3548,12,7
2024-10-18 20:19:06.023596,"189,49270939826965",2749,3548,12,7
2024-10-18 20:19:06.227093,"189,6962058544159",2749,3548,12,7
2024-10-18 20:19:06.430205,"189,89931797981262",2749,3548,12,7
2024-10-18 20:19:06.633345,"190,10245847702026",2749,3548,12,7
2024-10-18 20:19:06.833015,"190,30212831497192",2749,3548,12,7
2024-10-18 20:19:07.036325,"190,50543808937073",2749,3548,12,7
2024-10-18 20:19:07.239572,"190,70868515968323",2749,3548,12,7
2024-10-18 20:19:07.442554,"190,9116678237915",2749,3548,12,7
2024-10-18 20:19:07.645730,"191,1148431301117",2749,3548,12,7
2024-10-18 20:19:07.846560,"191,31567287445068",2749,3548,12,7
2024-10-18 20:19:08.050818,"191,51993083953857",2749,3548,12,7
2024-10-18 20:19:08.260586,"191,72969937324524",2749,3548,12,7
2024-10-18 20:19:08.464382,"191,933495759964",2749,3548,12,7
2024-10-18 20:19:08.674349,"192,1434624195099",2749,3548,12,7
2024-10-18 20:19:08.877471,"192,34658479690552",2749,3548,12,7
2024-10-18 20:19:09.082004,"192,55111718177795",2749,3548,12,7
2024-10-18 20:19:09.285025,"192,75413823127747",2749,3548,12,7
2024-10-18 20:19:09.488272,"192,95738554000854",2749,3548,12,7
2024-10-18 20:19:09.691817,"193,16093015670776",2749,3548,12,7
2024-10-18 20:19:09.895985,"193,36509823799133",2749,3548,12,7
2024-10-18 20:19:10.099127,"193,56824016571045",2749,3548,12,7
2024-10-18 20:19:10.308946,"193,7780590057373",2749,3548,12,7
2024-10-18 20:19:10.509080,"193,9781937599182",2749,3548,12,7
2024-10-18 20:19:10.712483,"194,1815960407257",2749,3548,12,7
2024-10-18 20:19:10.918440,"194,3875527381897",2749,3548,12,7
2024-10-18 20:19:11.121793,"194,59090614318848",2749,3548,12,7
2024-10-18 20:19:11.331513,"194,80062675476074",2749,3548,12,7
2024-10-18 20:19:11.534679,"195,0037922859192",2749,3548,12,7
2024-10-18 20:19:11.737896,"195,2070095539093",2749,3548,12,7
2024-10-18 20:19:11.941014,"195,4101276397705",2749,3548,12,7
2024-10-18 20:19:12.144183,"195,61329674720764",2749,3548,12,7
2024-10-18 20:19:12.347270,"195,81638360023499",2749,3548,12,7
2024-10-18 20:19:12.551758,"196,02087116241455",2749,3548,12,7
2024-10-18 20:19:12.761077,"196,2301905155182",2749,3548,12,7
2024-10-18 20:19:12.976728,"196,44090938568115",2749,3548,12,7
2024-10-18 20:19:13.175631,"196,64474391937256",2749,3548,12,7
2024-10-18 20:19:13.378792,"196,84790515899658",2749,3548,12,7
2024-10-18 20:19:13.582576,"197,05168914794922",2749,3548,12,7
2024-10-18 20:19:13.785738,"197,25485157966614",2749,3548,12,7
2024-10-18 20:19:13.989272,"197,45838522911072",2749,3548,12,7
2024-10-18 20:19:14.192415,"197,6615285873413",2749,3548,12,7
2024-10-18 20:19:14.395517,"197,86462998390198",2749,3548,12,7
2024-10-18 20:19:14.598659,"198,06777238845825",2749,3548,12,7
2024-10-18 20:19:14.810362,"198,27947521209717",2749,3548,12,7
2024-10-18 20:19:15.020131,"198,489244222641",2749,3548,12,7
2024-10-18 20:19:15.220849,"198,68996238708496",2749,3548,12,7
2024-10-18 20:19:15.424241,"198,89335417747498",2749,3548,12,7
2024-10-18 20:19:15.627804,"199,09691739082336",2749,3548,12,7
2024-10-18 20:19:15.830782,"199,29989552497864",2749,3548,12,7
2024-10-18 20:19:16.033939,"199,50305247306824",2749,3548,12,7
2024-10-18 20:19:16.244150,"199,7132637500763",2749,3548,12,7
2024-10-18 20:19:16.447548,"199,91666102409363",2749,3548,12,7
2024-10-18 20:19:16.650702,"200,1198148727417",2749,3548,12,7
2024-10-18 20:19:16.853747,"200,3228600025177",2749,3548,12,7
2024-10-18 20:19:17.056927,"200,52604007720947",2749,3548,12,7
2024-10-18 20:19:17.260053,"200,7291660308838",2749,3548,12,7
2024-10-18 20:19:17.463179,"200,93229269981384",2749,3548,12,7
2024-10-18 20:19:17.666291,"201,135404586792",2749,3548,12,7
2024-10-18 20:19:17.869955,"201,33906817436218",2749,3548,12,7
2024-10-18 20:19:18.072864,"201,54197692871094",2749,3548,12,7
2024-10-18 20:19:18.276257,"201,74537062644958",2749,3548,12,7
2024-10-18 20:19:18.479366,"201,94847917556763",2749,3548,12,7
2024-10-18 20:19:18.682506,"202,1516191959381",2749,3548,12,7
2024-10-18 20:19:18.885623,"202,35473656654358",2750,3548,11,7
2024-10-18 20:19:19.088760,"202,5578737258911",2750,3548,11,7
2024-10-18 20:19:19.291853,"202,76096653938293",2750,3548,11,7
2024-10-18 20:19:19.494985,"202,96409797668457",2750,3548,11,7
2024-10-18 20:19:19.697936,"203,1670491695404",2750,3548,11,7
2024-10-18 20:19:19.901222,"203,37033534049988",2750,3548,11,7
2024-10-18 20:19:20.104356,"203,57346963882446",2750,3548,11,7
2024-10-18 20:19:20.307377,"203,77649068832397",2749,3548,12,7
2024-10-18 20:19:20.511007,"203,98012042045593",2749,3548,12,7
2024-10-18 20:19:20.714199,"204,1833119392395",2749,3547,11,8
2024-10-18 20:19:20.921449,"204,39056181907654",2750,3547,11,8
2024-10-18 20:19:21.124574,"204,59368705749512",2750,3547,11,8
2024-10-18 20:19:21.325270,"204,79438281059265",2749,3547,12,8
2024-10-18 20:19:21.528674,"204,99778723716736",2749,3547,12,8
2024-10-18 20:19:21.731796,"205,20090913772583",2750,3547,11,8
2024-10-18 20:19:21.934885,"205,40399813652039",2750,3547,11,8
2024-10-18 20:19:22.137921,"205,60703444480896",2750,3547,11,8
2024-10-18 20:19:22.337905,"205,80701804161072",2749,3547,12,8
2024-10-18 20:19:22.541184,"206,01029682159424",2749,3547,12,8
2024-10-18 20:19:22.746665,"206,21577835083008",2750,3547,11,8
2024-10-18 20:19:22.955979,"206,42509198188782",2750,3547,11,8
2024-10-18 20:19:23.159055,"206,62816882133484",2750,3547,11,8
2024-10-18 20:19:23.362207,"206,8313205242157",2750,3547,11,8
2024-10-18 20:19:23.565341,"207,03445482254028",2750,3547,11,8
2024-10-18 20:19:23.775934,"207,24504709243774",2750,3547,11,8
2024-10-18 20:19:23.987728,"207,45684099197388",2750,3547,11,8
2024-10-18 20:19:24.191208,"207,66032099723816",2750,3547,11,8
2024-10-18 20:19:24.395652,"207,86476516723633",2750,3547,11,8
2024-10-18 20:19:24.598776,"208,06788897514343",2750,3547,11,8
2024-10-18 20:19:24.802141,"208,2712540626526",2750,3547,11,8
2024-10-18 20:19:25.009693,"208,47880601882935",2750,3547,11,8
2024-10-18 20:19:25.212816,"208,68192982673645",2750,3547,11,8
2024-10-18 20:19:25.416675,"208,8857879638672",2750,3547,11,8
2024-10-18 20:19:25.619834,"209,08894753456116",2750,3547,11,8
2024-10-18 20:19:25.833946,"209,30305910110474",2750,3547,11,8
2024-10-18 20:19:26.037035,"209,5061478614807",2750,3547,11,8
2024-10-18 20:19:26.246935,"209,71604871749878",2750,3547,11,8
2024-10-18 20:19:26.450692,"209,91980528831482",2750,3547,11,8
2024-10-18 20:19:26.654519,"210,12363195419312",2750,3547,11,8
2024-10-18 20:19:26.865420,"210,3345329761505",2749,3547,12,8
2024-10-18 20:19:27.068435,"210,53754830360413",2749,3547,12,8
2024-10-18 20:19:27.271704,"210,74081683158875",2750,3547,11,8
2024-10-18 20:19:27.475581,"210,94469451904297",2750,3547,11,8
2024-10-18 20:19:27.679285,"211,14839887619019",2750,3547,11,8
2024-10-18 20:19:27.889199,"211,35831260681152",2750,3547,11,8
2024-10-18 20:19:28.100365,"211,56947827339172",2750,3547,11,8
2024-10-18 20:19:28.303464,"211,77257752418518",2750,3547,11,8
2024-10-18 20:19:28.506652,"211,97576475143433",2750,3547,11,8
2024-10-18 20:19:28.710053,"212,1791660785675",2750,3548,11,7
2024-10-18 20:19:28.916433,"212,38554620742798",2750,3548,11,7
2024-10-18 20:19:29.120062,"212,58917498588562",2750,3548,11,7
2024-10-18 20:19:29.323346,"212,79245948791504",2750,3547,11,8
2024-10-18 20:19:29.526928,"212,99604153633118",2750,3547,11,8
2024-10-18 20:19:29.730123,"213,19923639297485",2750,3548,11,7
2024-10-18 20:19:29.933751,"213,40286469459534",2750,3548,11,7
2024-10-18 20:19:30.142199,"213,61131262779236",2750,3548,11,7
2024-10-18 20:19:30.346886,"213,8159990310669",2749,3547,12,8
2024-10-18 20:19:30.549886,"214,01899886131287",2749,3547,12,8
2024-10-18 20:19:30.753134,"214,22224712371826",2750,3548,11,7
2024-10-18 20:19:30.963270,"214,43238377571106",2750,3548,11,7
2024-10-18 20:19:31.167041,"214,6361541748047",2750,3548,11,7
2024-10-18 20:19:31.361243,"214,8303563594818",2750,3547,11,8
2024-10-18 20:19:31.564410,"215,03352332115173",2750,3547,11,8
2024-10-18 20:19:31.767622,"215,23673558235168",2750,3547,11,8
2024-10-18 20:19:31.970710,"215,43982315063477",2750,3547,11,8
2024-10-18 20:19:32.178279,"215,6473925113678",2750,3547,11,8
2024-10-18 20:19:32.388034,"215,8571469783783",2750,3547,11,8
2024-10-18 20:19:32.591831,"216,06094479560852",2750,3547,11,8
2024-10-18 20:19:32.794990,"216,2641031742096",2750,3547,11,8
2024-10-18 20:19:32.994848,"216,4639608860016",2750,3547,11,8
2024-10-18 20:19:33.198272,"216,66738510131836",2750,3547,11,8
2024-10-18 20:19:33.402617,"216,8717303276062",2750,3547,11,8
2024-10-18 20:19:33.605491,"217,074604511261",2750,3547,11,8
2024-10-18 20:19:33.812279,"217,28139233589172",2750,3547,11,8
2024-10-18 20:19:34.015607,"217,48472023010254",2750,3547,11,8
2024-10-18 20:19:34.218986,"217,68809962272644",2750,3547,11,8
2024-10-18 20:19:34.422107,"217,89122033119202",2750,3547,11,8
2024-10-18 20:19:34.625217,"218,09433007240295",2750,3547,11,8
2024-10-18 20:19:34.828338,"218,29745173454285",2750,3547,11,8
2024-10-18 20:19:35.031458,"218,5005714893341",2750,3547,11,8
2024-10-18 20:19:35.234609,"218,70372200012207",2750,3548,11,7
2024-10-18 20:19:35.437517,"218,90663075447083",2750,3548,11,7
2024-10-18 20:19:35.645182,"219,11429476737976",2750,3548,11,7
2024-10-18 20:19:35.848169,"219,3172824382782",2750,3547,11,8
2024-10-18 20:19:36.051439,"219,5205521583557",2750,3547,11,8
2024-10-18 20:19:36.254557,"219,72366976737976",2750,3548,11,7
2024-10-18 20:19:36.457684,"219,92679738998413",2750,3548,11,7
2024-10-18 20:19:36.660801,"220,1299147605896",2750,3548,11,7
2024-10-18 20:19:36.870615,"220,33972811698914",2750,3547,11,8
2024-10-18 20:19:37.073738,"220,5428512096405",2750,3547,11,8
2024-10-18 20:19:37.276869,"220,74598264694214",2750,3547,11,8
2024-10-18 20:19:37.479850,"220,94896340370178",2750,3547,11,8
2024-10-18 20:19:37.683107,"221,15222024917603",2750,3547,11,8
2024-10-18 20:19:37.886316,"221,35542941093445",2750,3547,11,8
2024-10-18 20:19:38.089308,"221,5584216117859",2750,3547,11,8
2024-10-18 20:19:38.292545,"221,76165795326233",2750,3547,11,8
2024-10-18 20:19:38.495678,"221,96479082107544",2750,3547,11,8
2024-10-18 20:19:38.705173,"222,17428636550903",2750,3547,11,8
2024-10-18 20:19:38.909589,"222,3787021636963",2750,3547,11,8
2024-10-18 20:19:39.113371,"222,5824840068817",2750,3547,11,8
2024-10-18 20:19:39.323789,"222,792902469635",2750,3547,11,8
2024-10-18 20:19:39.526913,"222,99602603912354",2750,3547,11,8
2024-10-18 20:19:39.726922,"223,19603490829468",2750,3548,11,7
2024-10-18 20:19:39.930875,"223,39998817443848",2750,3548,11,7
2024-10-18 20:19:40.134000,"223,60311317443848",2750,3548,11,7
2024-10-18 20:19:40.337349,"223,80646276474",2750,3547,11,8
2024-10-18 20:19:40.540582,"224,009694814682",2750,3547,11,8
2024-10-18 20:19:40.743716,"224,212828874588",2750,3547,11,8
2024-10-18 20:19:40.946833,"224,4159460067749",2750,3547,11,8
2024-10-18 20:19:41.149777,"224,61889028549194",2750,3547,11,8
2024-10-18 20:19:41.354072,"224,82318544387817",2750,3547,11,8
2024-10-18 20:19:41.556629,"225,02574229240417",2750,3547,11,8
2024-10-18 20:19:41.767778,"225,23689150810242",2750,3548,11,7
2024-10-18 20:19:41.970910,"225,4400236606598",2750,3548,11,7
2024-10-18 20:19:42.174543,"225,64365673065186",2750,3548,11,7
2024-10-18 20:19:42.384388,"225,85350108146667",2750,3547,11,8
2024-10-18 20:19:42.587301,"226,0564148426056",2750,3547,11,8
2024-10-18 20:19:42.797981,"226,26709413528442",2750,3547,11,8
2024-10-18 20:19:43.001110,"226,47022342681885",2750,3547,11,8
2024-10-18 20:19:43.204230,"226,67334389686584",2750,3547,11,8
2024-10-18 20:19:43.407812,"226,8769257068634",2750,3547,11,8
2024-10-18 20:19:43.623199,"227,09231185913086",2750,3547,11,8
2024-10-18 20:19:43.826661,"227,29577445983887",2750,3547,11,8
2024-10-18 20:19:44.029735,"227,49884819984436",2750,3547,11,8
2024-10-18 20:19:44.232910,"227,70202326774597",2750,3547,11,8
2024-10-18 20:19:44.436041,"227,9051537513733",2750,3547,11,8
2024-10-18 20:19:44.639557,"228,10867071151733",2750,3547,11,8
2024-10-18 20:19:44.842437,"228,31155014038086",2750,3547,11,8
2024-10-18 20:19:45.045178,"228,51429152488708",2750,3547,11,8
2024-10-18 20:19:45.245085,"228,7141981124878",2750,3547,11,8
2024-10-18 20:19:45.448530,"228,91764307022095",2750,3547,11,8
2024-10-18 20:19:45.651655,"229,12076807022095",2750,3547,11,8
2024-10-18 20:19:45.855367,"229,3244800567627",2750,3547,11,8
2024-10-18 20:19:46.058372,"229,52748584747314",2750,3547,11,8
2024-10-18 20:19:46.268594,"229,73770713806152",2750,3547,11,8
2024-10-18 20:19:46.471753,"229,9408667087555",2750,3547,11,8
2024-10-18 20:19:46.674853,"230,1439664363861",2750,3547,11,8
2024-10-18 20:19:46.877969,"230,34708261489868",2750,3547,11,8
2024-10-18 20:19:47.081201,"230,55031442642212",2750,3547,11,8
2024-10-18 20:19:47.285470,"230,7545828819275",2750,3547,11,8
2024-10-18 20:19:47.488431,"230,95754432678223",2750,3547,11,8
2024-10-18 20:19:47.701845,"231,16325902938843",2750,3547,11,8
2024-10-18 20:19:47.900207,"231,36093759536743",2749,3546,12,9
2024-10-18 20:19:48.108494,"231,5697202682495",2749,3546,12,9
2024-10-18 20:19:48.308189,"231,77010893821716",2749,3546,12,9
2024-10-18 20:19:48.516607,"231,97756385803223",2749,3546,12,9
2024-10-18 20:19:48.715842,"232,18495512008667",2750,3547,11,8
2024-10-18 20:19:48.919505,"232,38861799240112",2750,3547,11,8
2024-10-18 20:19:49.124650,"232,5855906009674",2750,3547,11,8
2024-10-18 20:19:49.316618,"232,78573083877563",2750,3547,11,8
2024-10-18 20:19:49.520310,"232,98942375183105",2750,3547,11,8
2024-10-18 20:19:49.723799,"233,19291186332703",2750,3546,11,9
2024-10-18 20:19:49.940986,"233,39833068847656",2750,3546,11,9
2024-10-18 20:19:50.229412,"233,6985251903534",2750,3546,11,9
2024-10-18 20:19:50.345564,"233,8058307170868",2750,3546,11,9
2024-10-18 20:19:50.532666,"234,00177931785583",2750,3546,11,9
2024-10-18 20:19:50.735728,"234,2048408985138",2749,3545,12,10
2024-10-18 20:19:50.947576,"234,41668915748596",2749,3545,12,10
2024-10-18 20:19:51.150535,"234,61964774131775",2749,3545,12,10
2024-10-18 20:19:51.354175,"234,82328867912292",2750,3546,11,9
2024-10-18 20:19:51.559106,"235,01912426948547",2750,3546,11,9
2024-10-18 20:19:51.761512,"235,2213671207428",2750,3546,11,9
2024-10-18 20:19:51.961610,"235,4307234287262",2750,3546,11,9
2024-10-18 20:19:52.164753,"235,63386631011963",2750,3546,11,9
2024-10-18 20:19:52.367878,"235,8369917869568",2750,3546,11,9
2024-10-18 20:19:52.570833,"236,0399465560913",2750,3546,11,9
2024-10-18 20:19:52.774109,"236,24322247505188",2750,3546,11,9
2024-10-18 20:19:52.977287,"236,44640040397644",2750,3546,11,9
2024-10-18 20:19:53.180382,"236,64949584007263",2750,3546,11,9
2024-10-18 20:19:53.383453,"236,85256600379944",2750,3546,11,9
2024-10-18 20:19:53.586574,"237,0556869506836",2750,3546,11,9
2024-10-18 20:19:53.789727,"237,25883984565735",2750,3546,11,9
2024-10-18 20:19:53.993277,"237,4623908996582",2750,3546,11,9
2024-10-18 20:19:54.201775,"237,6609616279602",2750,3546,11,9
2024-10-18 20:19:54.410169,"237,86930322647095",2750,3546,11,9
2024-10-18 20:19:54.607345,"238,0666081905365",2750,3546,11,9
2024-10-18 20:19:54.811089,"238,26946711540222",2750,3546,11,9
2024-10-18 20:19:55.011335,"238,47248816490173",2750,3546,11,9
2024-10-18 20:19:55.213409,"238,6734173297882",2750,3546,11,9
2024-10-18 20:19:55.421854,"238,88296937942505",2750,3546,11,9
2024-10-18 20:19:55.631040,"239,09062957763672",2750,3546,11,9
2024-10-18 20:19:55.828002,"239,2971158027649",2750,3546,11,9
2024-10-18 20:19:56.027893,"239,48652696609497",2750,3546,11,9
2024-10-18 20:19:56.231262,"239,69251227378845",2750,3546,11,9
2024-10-18 20:19:56.436607,"239,8964822292328",2750,3546,11,9
2024-10-18 20:19:56.639352,"240,0995261669159",2750,3546,11,9
2024-10-18 20:19:56.839756,"240,30090022087097",2750,3546,11,9
2024-10-18 20:19:57.047439,"240,50848031044006",2750,3546,11,9
2024-10-18 20:19:57.252238,"240,71249389648438",2750,3546,11,9
2024-10-18 20:19:57.450426,"240,91063404083252",2750,3546,11,9
2024-10-18 20:19:57.652688,"241,1127851009369",2750,3546,11,9
2024-10-18 20:19:57.862052,"241,32006359100342",2750,3546,11,9
2024-10-18 20:19:58.050196,"241,51930952072144",2750,3546,11,9
2024-10-18 20:19:58.253352,"241,72246503829956",2750,3547,11,8
2024-10-18 20:19:58.456850,"241,9259626865387",2750,3547,11,8
2024-10-18 20:19:58.660221,"242,12933468818665",2750,3547,11,8
2024-10-18 20:19:58.863406,"242,33251905441284",2750,3547,11,8
2024-10-18 20:19:59.066351,"242,53546404838562",2750,3547,11,8
2024-10-18 20:19:59.278733,"242,73701524734497",2750,3547,11,8
2024-10-18 20:19:59.486339,"242,94608974456787",2750,3547,11,8
2024-10-18 20:19:59.684848,"243,1429407596588",2750,3547,11,8
2024-10-18 20:19:59.885812,"243,3454794883728",2750,3547,11,8
2024-10-18 20:20:00.093695,"243,55263757705688",2750,3547,11,8
2024-10-18 20:20:00.293908,"243,75402164459229",2750,3547,11,8
2024-10-18 20:20:00.500144,"243,95908570289612",2750,3547,11,8
2024-10-18 20:20:00.702375,"244,16134405136108",2750,3546,11,9
2024-10-18 20:20:00.909351,"244,36946368217468",2750,3546,11,9
2024-10-18 20:20:01.108106,"244,56693363189697",2750,3546,11,9
2024-10-18 20:20:01.307755,"244,77686858177185",2750,3546,11,9
2024-10-18 20:20:01.510051,"244,97916412353516",2750,3546,11,9
2024-10-18 20:20:01.713083,"245,18219637870789",2750,3547,11,8
2024-10-18 20:20:01.918563,"245,38767647743225",2750,3547,11,8
2024-10-18 20:20:02.121820,"245,59093379974365",2750,3547,11,8
2024-10-18 20:20:02.333874,"245,79272270202637",2750,3546,11,9
2024-10-18 20:20:02.518800,"245,9879126548767",2750,3546,11,9
2024-10-18 20:20:02.722310,"246,19142389297485",2750,3546,11,9
2024-10-18 20:20:02.925974,"246,39508748054504",2750,3546,11,9
2024-10-18 20:20:03.130113,"246,59922623634338",2750,3546,11,9
2024-10-18 20:20:03.333244,"246,80235719680786",2750,3547,11,8
2024-10-18 20:20:03.539939,"247,00905203819275",2750,3547,11,8
2024-10-18 20:20:03.751513,"247,2107710838318",2750,3547,11,8
2024-10-18 20:20:03.949039,"247,40813374519348",2750,3547,11,8
2024-10-18 20:20:04.159211,"247,61702394485474",2750,3547,11,8
2024-10-18 20:20:04.361490,"247,8180742263794",2750,3546,11,9
2024-10-18 20:20:04.566790,"248,0271463394165",2750,3546,11,9
2024-10-18 20:20:04.764036,"248,2242133617401",2750,3546,11,9
2024-10-18 20:20:04.966764,"248,42685914039612",2750,3546,11,9
2024-10-18 20:20:05.176571,"248,63533282279968",2750,3546,11,9
2024-10-18 20:20:05.371898,"248,8321578502655",2750,3546,11,9
2024-10-18 20:20:05.575341,"249,0350604057312",2750,3546,11,9
2024-10-18 20:20:05.781709,"249,23961281776428",2750,3546,11,9
2024-10-18 20:20:05.983311,"249,44221425056458",2750,3546,11,9
2024-10-18 20:20:06.190940,"249,65031266212463",2750,3546,11,9
2024-10-18 20:20:06.389151,"249,84797954559326",2750,3547,11,8
2024-10-18 20:20:06.589147,"250,0505027770996",2750,3547,11,8
2024-10-18 20:20:06.796673,"250,25794172286987",2750,3546,11,9
2024-10-18 20:20:06.994789,"250,4559028148651",2750,3546,11,9
2024-10-18 20:20:07.202414,"250,66378688812256",2750,3546,11,9
2024-10-18 20:20:07.404517,"250,86567616462708",2750,3546,11,9
2024-10-18 20:20:07.603057,"251,06415390968323",2750,3546,11,9
2024-10-18 20:20:07.806730,"251,26802778244019",2750,3546,11,9
2024-10-18 20:20:08.020025,"251,4821493625641",2750,3546,11,9
2024-10-18 20:20:08.217415,"251,67784428596497",2750,3546,11,9
2024-10-18 20:20:08.420378,"251,88105583190918",2750,3546,11,9
2024-10-18 20:20:08.618947,"252,08805990219116",2750,3546,11,9
2024-10-18 20:20:08.841481,"252,30365371704102",2750,3546,11,9
2024-10-18 20:20:09.046184,"252,50666761398315",2750,3546,11,9
2024-10-18 20:20:09.276910,"252,73039746284485",2750,3546,11,9
2024-10-18 20:20:09.455059,"252,92417192459106",2750,3546,11,9
2024-10-18 20:20:09.658286,"253,12739968299866",2750,3546,11,9
2024-10-18 20:20:09.868013,"253,33712601661682",2750,3546,11,9
2024-10-18 20:20:10.082052,"253,5511655807495",2750,3546,11,9
2024-10-18 20:20:10.288297,"253,7574098110199",2751,3546,10,9
2024-10-18 20:20:10.491897,"253,96101021766663",2751,3546,10,9
2024-10-18 20:20:10.695867,"254,1649796962738",2751,3546,10,9
2024-10-18 20:20:10.898856,"254,3679690361023",2751,3546,10,9
2024-10-18 20:20:11.103252,"254,57236504554749",2751,3546,10,9
2024-10-18 20:20:11.307999,"254,7771122455597",2750,3546,11,9
2024-10-18 20:20:11.510936,"254,98004913330078",2750,3546,11,9
2024-10-18 20:20:11.713238,"255,18235158920288",2751,3546,10,9
2024-10-18 20:20:11.918146,"255,38725900650024",2751,3546,10,9
2024-10-18 20:20:12.121272,"255,59038496017456",2751,3546,10,9
2024-10-18 20:20:12.324398,"255,79351091384888",2750,3546,11,9
2024-10-18 20:20:12.527490,"255,99660301208496",2750,3546,11,9
2024-10-18 20:20:12.741209,"256,2103223800659",2750,3546,11,9
2024-10-18 20:20:12.944624,"256,4137372970581",2750,3546,11,9
2024-10-18 20:20:13.168615,"256,63772773742676",2750,3546,11,9
2024-10-18 20:20:13.371893,"256,8410060405731",2750,3546,11,9
2024-10-18 20:20:13.574917,"257,04403018951416",2750,3546,11,9
2024-10-18 20:20:13.778027,"257,24714064598083",2750,3546,11,9
2024-10-18 20:20:13.981593,"257,45070600509644",2750,3546,11,9
2024-10-18 20:20:14.185452,"257,6545648574829",2750,3546,11,9
2024-10-18 20:20:14.388570,"257,8576829433441",2750,3546,11,9
2024-10-18 20:20:14.592221,"258,06133460998535",2750,3546,11,9
2024-10-18 20:20:14.798479,"258,26759243011475",2750,3546,11,9
2024-10-18 20:20:15.001568,"258,4706811904907",2750,3546,11,9
2024-10-18 20:20:15.205991,"258,6751048564911",2751,3546,10,9
2024-10-18 20:20:15.409352,"258,87846517562866",2751,3546,10,9
2024-10-18 20:20:15.616175,"259,0852880477905",2751,3546,10,9
2024-10-18 20:20:15.819198,"259,288311958313",2751,3546,10,9
2024-10-18 20:20:16.022316,"259,49142932891846",2751,3546,10,9
2024-10-18 20:20:16.226122,"259,69523525238037",2751,3546,10,9
2024-10-18 20:20:16.429242,"259,8983552455902",2751,3546,10,9
2024-10-18 20:20:16.633076,"260,10218954086304",2751,3546,10,9
2024-10-18 20:20:16.842665,"260,3117778301239",2751,3546,10,9
2024-10-18 20:20:17.052375,"260,5214886665344",2751,3546,10,9
2024-10-18 20:20:17.252389,"260,7215025424957",2751,3546,10,9
2024-10-18 20:20:17.462169,"260,9312825202942",2751,3546,10,9
2024-10-18 20:20:17.666059,"261,13517236709595",2751,3546,10,9
2024-10-18 20:20:17.869186,"261,3382992744446",2751,3546,10,9
2024-10-18 20:20:18.076022,"261,54513478279114",2751,3546,10,9
2024-10-18 20:20:18.279180,"261,7482933998108",2751,3545,10,10
2024-10-18 20:20:18.482366,"261,9514787197113",2751,3545,10,10
2024-10-18 20:20:18.685982,"262,15509557724",2751,3546,10,9
2024-10-18 20:20:18.889094,"262,35820722579956",2751,3546,10,9
2024-10-18 20:20:19.092223,"262,5613362789154",2751,3546,10,9
2024-10-18 20:20:19.295367,"262,76448035240173",2751,3546,10,9
2024-10-18 20:20:19.498481,"262,9675946235657",2751,3546,10,9
2024-10-18 20:20:19.701584,"263,17069721221924",2751,3546,10,9
2024-10-18 20:20:19.905124,"263,37423753738403",2751,3546,10,9
2024-10-18 20:20:20.111839,"263,5809519290924",2751,3546,10,9
2024-10-18 20:20:20.316030,"263,7851436138153",2751,3546,10,9
2024-10-18 20:20:20.519183,"263,9882960319519",2751,3546,10,9
2024-10-18 20:20:20.722371,"264,1914839744568",2751,3546,10,9
2024-10-18 20:20:20.925494,"264,39460706710815",2751,3546,10,9
2024-10-18 20:20:21.128624,"264,5977373123169",2751,3546,10,9
2024-10-18 20:20:21.338456,"264,807569026947",2751,3545,10,10
2024-10-18 20:20:21.533594,"265,00270771980286",2751,3545,10,10
2024-10-18 20:20:21.738518,"265,2076313495636",2751,3545,10,10
2024-10-18 20:20:21.942171,"265,4112844467163",2751,3545,10,10
2024-10-18 20:20:22.145288,"265,6144018173218",2751,3545,10,10
2024-10-18 20:20:22.349163,"265,81827664375305",2751,3545,10,10
2024-10-18 20:20:22.552101,"266,02121448516846",2751,3545,10,10
2024-10-18 20:20:22.755683,"266,224796295166",2751,3545,10,10
2024-10-18 20:20:22.959227,"266,4283401966095",2751,3545,10,10
2024-10-18 20:20:23.163489,"266,63260221481323",2751,3545,10,10
2024-10-18 20:20:23.366980,"266,8360929489136",2751,3545,10,10
2024-10-18 20:20:23.570812,"267,03992557525635",2751,3545,10,10
2024-10-18 20:20:23.773935,"267,243047952652",2751,3545,10,10
2024-10-18 20:20:23.977054,"267,4461667537689",2751,3545,10,10
2024-10-18 20:20:24.180180,"267,64929366111755",2751,3546,10,9
2024-10-18 20:20:24.383299,"267,8524124622345",2751,3546,10,9
2024-10-18 20:20:24.590482,"268,0595955848694",2751,3546,10,9
2024-10-18 20:20:24.793392,"268,2625050544739",2751,3546,10,9
2024-10-18 20:20:25.000556,"268,4627046585083",2751,3546,10,9
2024-10-18 20:20:25.204360,"268,67347288131714",2751,3546,10,9
2024-10-18 20:20:25.423088,"268,8922016620636",2751,3546,10,9
2024-10-18 20:20:25.628928,"269,09804129600525",2751,3546,10,9
2024-10-18 20:20:25.832028,"269,301141500473",2751,3546,10,9
2024-10-18 20:20:26.042439,"269,5115523338318",2751,3546,10,9
2024-10-18 20:20:26.255295,"269,7244086265564",2751,3546,10,9
2024-10-18 20:20:26.458457,"269,92757081985474",2751,3546,10,9
2024-10-18 20:20:26.661595,"270,13070845603943",2751,3546,10,9
2024-10-18 20:20:26.866233,"270,335346698761",2751,3546,10,9
2024-10-18 20:20:27.069159,"270,53827238082886",2751,3546,10,9
2024-10-18 20:20:27.279311,"270,7484245300293",2751,3546,10,9
2024-10-18 20:20:27.482423,"270,9515359401703",2751,3546,10,9
2024-10-18 20:20:27.686197,"271,15531039237976",2751,3546,10,9
2024-10-18 20:20:27.889317,"271,35842990875244",2751,3546,10,9
2024-10-18 20:20:28.096073,"271,56518626213074",2751,3546,10,9
2024-10-18 20:20:28.300658,"271,769770860672",2751,3546,10,9
2024-10-18 20:20:28.516581,"271,9856939315796",2751,3546,10,9
2024-10-18 20:20:28.719722,"272,1888349056244",2751,3546,10,9
2024-10-18 20:20:28.932010,"272,4011232852936",2751,3546,10,9
2024-10-18 20:20:29.141827,"272,6109402179718",2751,3546,10,9
2024-10-18 20:20:29.360530,"272,82964301109314",2751,3546,10,9
2024-10-18 20:20:29.548068,"273,0171813964844",2751,3546,10,9
2024-10-18 20:20:29.767263,"273,2363758087158",2751,3546,10,9
2024-10-18 20:20:29.970422,"273,43953490257263",2751,3546,10,9
2024-10-18 20:20:30.175028,"273,64414167404175",2751,3546,10,9
2024-10-18 20:20:30.384340,"273,85345339775085",2751,3546,10,9
2024-10-18 20:20:30.587921,"274,0570344924927",2751,3546,10,9
2024-10-18 20:20:30.791050,"274,2601635456085",2751,3546,10,9
2024-10-18 20:20:30.994166,"274,46327924728394",2751,3546,10,9
2024-10-18 20:20:31.198050,"274,6671636104584",2751,3546,10,9
2024-10-18 20:20:31.401054,"274,8701672554016",2751,3546,10,9
2024-10-18 20:20:31.604215,"275,07332825660706",2751,3546,10,9
2024-10-18 20:20:31.807427,"275,276540517807",2751,3546,10,9
2024-10-18 20:20:32.009613,"275,47872591018677",2751,3546,10,9
2024-10-18 20:20:32.213148,"275,68226146698",2751,3546,10,9
2024-10-18 20:20:32.416301,"275,8854146003723",2751,3546,10,9
2024-10-18 20:20:32.619386,"276,08849930763245",2751,3546,10,9
2024-10-18 20:20:32.822523,"276,29163646698",2751,3546,10,9
2024-10-18 20:20:33.025653,"276,49476623535156",2751,3546,10,9
2024-10-18 20:20:33.225655,"276,6947684288025",2751,3546,10,9
2024-10-18 20:20:33.429073,"276,8981862068176",2751,3546,10,9
2024-10-18 20:20:33.640094,"277,10149025917053",2751,3546,10,9
2024-10-18 20:20:33.836149,"277,3052623271942",2751,3546,10,9
2024-10-18 20:20:34.039348,"277,50846099853516",2751,3546,10,9
2024-10-18 20:20:34.239346,"277,7084596157074",2751,3546,10,9
2024-10-18 20:20:34.443240,"277,912353515625",2751,3546,10,9
2024-10-18 20:20:34.650971,"278,11550664901733",2751,3546,10,9
2024-10-18 20:20:34.852305,"278,3214178085327",2751,3546,10,9
2024-10-18 20:20:35.055693,"278,5248062610626",2751,3546,10,9
2024-10-18 20:20:35.258758,"278,7278711795807",2751,3546,10,9
2024-10-18 20:20:35.461884,"278,9309973716736",2751,3546,10,9
2024-10-18 20:20:35.665007,"279,1341199874878",2751,3546,10,9
2024-10-18 20:20:35.868099,"279,3372118473053",2751,3546,10,9
2024-10-18 20:20:36.071247,"279,54035997390747",2751,3546,10,9
2024-10-18 20:20:36.276415,"279,74552822113037",2751,3546,10,9
2024-10-18 20:20:36.479960,"279,9490735530853",2751,3546,10,9
2024-10-18 20:20:36.674189,"280,14330220222473",2751,3546,10,9
2024-10-18 20:20:36.884074,"280,35318756103516",2751,3546,10,9
2024-10-18 20:20:37.087222,"280,55633568763733",2751,3546,10,9
2024-10-18 20:20:37.292106,"280,76121973991394",2751,3545,10,10
2024-10-18 20:20:37.495069,"280,964182138443",2751,3545,10,10
2024-10-18 20:20:37.698251,"281,1673638820648",2751,3545,10,10
2024-10-18 20:20:37.900685,"281,3697986602783",2751,3545,10,10
2024-10-18 20:20:38.108418,"281,5775308609009",2751,3545,10,10
2024-10-18 20:20:38.311662,"281,780775308609",2751,3546,10,9
2024-10-18 20:20:38.514841,"281,98395442962646",2751,3546,10,9
2024-10-18 20:20:38.718703,"282,1878159046173",2751,3546,10,9
2024-10-18 20:20:38.921799,"282,39091205596924",2751,3546,10,9
2024-10-18 20:20:39.124926,"282,5940396785736",2751,3546,10,9
2024-10-18 20:20:39.329847,"282,79896068573",2751,3545,10,10
2024-10-18 20:20:39.534740,"283,00385332107544",2751,3545,10,10
2024-10-18 20:20:39.738248,"283,2073619365692",2751,3545,10,10
2024-10-18 20:20:39.941719,"283,41083216667175",2751,3545,10,10
2024-10-18 20:20:40.147121,"283,61623430252075",2751,3545,10,10
2024-10-18 20:20:40.350029,"283,8191421031952",2751,3545,10,10
2024-10-18 20:20:40.558500,"284,0197386741638",2751,3545,10,10
2024-10-18 20:20:40.760118,"284,22060799598694",2750,3545,11,10
2024-10-18 20:20:40.976212,"284,4373953342438",2750,3545,11,10
2024-10-18 20:20:41.168020,"284,6289417743683",2750,3544,11,11
2024-10-18 20:20:41.375649,"284,8369514942169",2750,3544,11,11
2024-10-18 20:20:41.576508,"285,0358326435089",2750,3544,11,11
2024-10-18 20:20:41.768261,"285,23737478256226",2750,3544,11,11
2024-10-18 20:20:41.971618,"285,4407308101654",2750,3544,11,11
2024-10-18 20:20:42.175141,"285,6442539691925",2751,3545,10,10
2024-10-18 20:20:42.378229,"285,8473427295685",2751,3545,10,10
2024-10-18 20:20:42.581260,"286,05037331581116",2751,3545,10,10
2024-10-18 20:20:42.784437,"286,2535502910614",2751,3545,10,10
2024-10-18 20:20:43.001448,"286,46055936813354",2751,3545,10,10
2024-10-18 20:20:43.201347,"286,6617293357849",2751,3545,10,10
2024-10-18 20:20:43.405969,"286,87508249282837",2751,3545,10,10
2024-10-18 20:20:43.615201,"287,0843141078949",2751,3545,10,10
2024-10-18 20:20:43.825503,"287,2856476306915",2750,3544,11,11
2024-10-18 20:20:44.025373,"287,48647475242615",2750,3544,11,11
2024-10-18 20:20:44.230313,"287,69036746025085",2751,3545,10,10
2024-10-18 20:20:44.436489,"287,8963601589203",2751,3545,10,10
2024-10-18 20:20:44.642063,"288,09986329078674",2751,3545,10,10
2024-10-18 20:20:44.843424,"288,3125379085541",2751,3545,10,10
2024-10-18 20:20:45.047830,"288,516943693161",2751,3545,10,10
2024-10-18 20:20:45.251328,"288,72044134140015",2751,3545,10,10
2024-10-18 20:20:45.454480,"288,92359375953674",2751,3545,10,10
2024-10-18 20:20:45.657472,"289,126585483551",2751,3545,10,10
2024-10-18 20:20:45.860849,"289,3299627304077",2751,3545,10,10
2024-10-18 20:20:46.064611,"289,5337243080139",2751,3545,10,10
2024-10-18 20:20:46.267635,"289,7367482185364",2751,3545,10,10
2024-10-18 20:20:46.470812,"289,9399254322052",2751,3545,10,10
2024-10-18 20:20:46.687266,"290,1470172405243",2751,3545,10,10
2024-10-18 20:20:46.891088,"290,34915041923523",2751,3545,10,10
2024-10-18 20:20:47.096196,"290,55729484558105",2751,3545,10,10
2024-10-18 20:20:47.294728,"290,75482726097107",2751,3545,10,10
2024-10-18 20:20:47.496280,"290,9573655128479",2751,3545,10,10
2024-10-18 20:20:47.707155,"291,1654329299927",2751,3545,10,10
2024-10-18 20:20:47.903540,"291,36344289779663",2751,3545,10,10
2024-10-18 20:20:48.105606,"291,5661509037018",2751,3545,10,10
2024-10-18 20:20:48.314067,"291,77369594573975",2751,3545,10,10
2024-10-18 20:20:48.511649,"291,9708683490753",2751,3545,10,10
2024-10-18 20:20:48.704417,"292,1735303401947",2751,3545,10,10
2024-10-18 20:20:48.907484,"292,3765969276428",2751,3545,10,10
2024-10-18 20:20:49.110657,"292,57977056503296",2751,3545,10,10
2024-10-18 20:20:49.313795,"292,7829079627991",2751,3545,10,10
2024-10-18 20:20:49.517349,"292,9864625930786",2751,3545,10,10
2024-10-18 20:20:49.729495,"293,19056820869446",2751,3545,10,10
2024-10-18 20:20:49.932276,"293,39306926727295",2751,3545,10,10
2024-10-18 20:20:50.140289,"293,6015148162842",2751,3545,10,10
2024-10-18 20:20:50.339994,"293,799090385437",2751,3544,10,11
2024-10-18 20:20:50.549473,"294,0082905292511",2751,3544,10,11
2024-10-18 20:20:50.745752,"294,20587730407715",2751,3545,10,10
2024-10-18 20:20:50.958329,"294,41740441322327",2751,3545,10,10
2024-10-18 20:20:51.155537,"294,6150381565094",2751,3545,10,10
2024-10-18 20:20:51.360256,"294,8176383972168",2751,3544,10,11
2024-10-18 20:20:51.559251,"295,02136397361755",2751,3544,10,11
2024-10-18 20:20:51.756947,"295,22605991363525",2751,3544,10,11
2024-10-18 20:20:51.960075,"295,42918848991394",2751,3544,10,11
2024-10-18 20:20:52.163185,"295,6322979927063",2751,3545,10,10
2024-10-18 20:20:52.366513,"295,8356263637543",2751,3545,10,10
2024-10-18 20:20:52.569632,"296,03874492645264",2751,3545,10,10
2024-10-18 20:20:52.779753,"296,23928475379944",2751,3544,10,11
2024-10-18 20:20:52.983003,"296,45211601257324",2751,3544,10,11
2024-10-18 20:20:53.186641,"296,65575432777405",2751,3544,10,11
2024-10-18 20:20:53.389608,"296,8587214946747",2751,3544,10,11
2024-10-18 20:20:53.593687,"297,0628001689911",2751,3544,10,11
2024-10-18 20:20:53.796754,"297,26586747169495",2751,3544,10,11
2024-10-18 20:20:54.000546,"297,46965885162354",2751,3544,10,11
2024-10-18 20:20:54.191351,"297,66046476364136",2751,3545,10,10
2024-10-18 20:20:54.402440,"297,8625330924988",2751,3545,10,10
2024-10-18 20:20:54.610860,"298,0705075263977",2751,3545,10,10
2024-10-18 20:20:54.809770,"298,26886200904846",2751,3544,10,11
2024-10-18 20:20:55.011309,"298,4713876247406",2751,3544,10,11
2024-10-18 20:20:55.219791,"298,67923402786255",2751,3545,10,10
2024-10-18 20:20:55.417964,"298,87665128707886",2751,3545,10,10
2024-10-18 20:20:55.625127,"299,0844805240631",2751,3545,10,10
2024-10-18 20:20:55.826823,"299,28693675994873",2751,3544,10,11
2024-10-18 20:20:56.034772,"299,4952394962311",2751,3544,10,11
2024-10-18 20:20:56.232847,"299,69270491600037",2751,3545,10,10
2024-10-18 20:20:56.430672,"299,8997850418091",2751,3545,10,10
2024-10-18 20:20:56.633820,"300,1029329299927",2751,3545,10,10
2024-10-18 20:20:56.836985,"300,3060986995697",2751,3545,10,10
2024-10-18 20:20:57.043721,"300,51283407211304",2751,3545,10,10
2024-10-18 20:20:57.246767,"300,7158806324005",2751,3545,10,10
2024-10-18 20:20:57.453554,"300,92266750335693",2751,3545,10,10
2024-10-18 20:20:57.656624,"301,125736951828",2751,3545,10,10
2024-10-18 20:20:57.860388,"301,32950091362",2751,3545,10,10
2024-10-18 20:20:58.048511,"301,5176246166229",2751,3545,10,10
2024-10-18 20:20:58.251820,"301,72093319892883",2751,3545,10,10
2024-10-18 20:20:58.454816,"301,92392897605896",2751,3545,10,10
2024-10-18 20:20:58.658107,"302,12721991539",2751,3545,10,10
2024-10-18 20:20:58.861268,"302,3303816318512",2751,3545,10,10
2024-10-18 20:20:59.067252,"302,53636503219604",2751,3545,10,10
2024-10-18 20:20:59.272151,"302,74126410484314",2751,3545,10,10
2024-10-18 20:20:59.470581,"302,9396939277649",2751,3545,10,10
2024-10-18 20:20:59.674399,"303,14351296424866",2751,3545,10,10
2024-10-18 20:20:59.877646,"303,3467593193054",2751,3545,10,10
2024-10-18 20:21:00.081119,"303,55023217201233",2751,3545,10,10
2024-10-18 20:21:00.284106,"303,75321888923645",2751,3545,10,10
2024-10-18 20:21:00.487341,"303,95645403862",2751,3545,10,10
2024-10-18 20:21:00.704103,"304,1732165813446",2751,3545,10,10
2024-10-18 20:21:00.907236,"304,37634897232056",2751,3545,10,10
2024-10-18 20:21:01.111642,"304,58075499534607",2751,3545,10,10
2024-10-18 20:21:01.323542,"304,79265546798706",2751,3545,10,10
2024-10-18 20:21:01.526595,"304,99570870399475",2751,3545,10,10
2024-10-18 20:21:01.730935,"305,20004868507385",2751,3545,10,10
2024-10-18 20:21:01.933212,"305,39445519447327",2751,3545,10,10
2024-10-18 20:21:02.130584,"305,5996971130371",2751,3545,10,10
2024-10-18 20:21:02.339617,"305,79916620254517",2751,3545,10,10
2024-10-18 20:21:02.544232,"306,01334500312805",2751,3545,10,10
2024-10-18 20:21:02.745085,"306,20520877838135",2751,3545,10,10
